Gene	Chromosome	Strand	Exon_start	Acceptor_seq	Exon_end	Donor_seq
FKTN	chr9	+	108402382	TTCTGTTTCTATCTCAACTAGGCAAGAATCAGCAGGGTGCA	108403399	CTCTTGAGATATCTT
FKTN	chr9	+	108397332	AATCCCTCTGTTTTGCTGCAGATACCTGTTTCCGAAGTTTA	108403399	CTCTTGAGATATCTT
FKTN	chr9	+	108335936	aaaaaaatctttattctacagattgaaaggaaacacactga	108336027	ttcaaaggtaaggaa
FKTN	chr9	+	108397332	AATCCCTCTGTTTTGCTGCAGATACCTGTTTCCGAAGTTTA	108397429	AACTATGGTAAGACC
PLP1	chrX	+	103031439	CCCTGTTGGGGCTCTCACTTCATGGCTTCTCACGCTTGTGC	103031575	ATTCCAGGCAAGCCT
PLP1	chrX	+	103031781	AGAAAGCCCTTTTCATTGCAGGAGAAGAGGACAAAGATACT	103031927	GACATGGGTAAGTTT
PLP1	chrX	+	103041394	TTTGTCTACCTGTTAATGCAGGATCCATGCCTTCCAGTATG	103041550	CGCAACGGTAACAGG
PLP1	chrX	+	103031754	TCCCTTTAAGGGGGTTGGCTGTCAATCAGAAAGCCCTTTTC	103031927	GACATGGGTAAGTTT
PLP1	chrX	+	103041394	TTTGTCTACCTGTTAATGCAGGATCCATGCCTTCCAGTATG	103041655	CGACAAGGTGATCAT
ATP7B	chr13	-	52534284	GTTGCTGCATTTGCTTTCCAGGTGGAAGAAGTCTTTCCTGT	52534458	TGTCCAGGTATATAT
ATP7B	chr13	-	52532447	TTCACTGTCCTTGTCTTTCAGCTCCTCGGTGGGTGGTACTT	52532680	GGCAAAGGTAACAGC
ATP7B	chr13	-	52535973	CCCTCTCTTTTTAATGACAAGGAAATTGGCTTTCATGCTTC	52536049	TAAAGCAGTAGGTAG
ATP7B	chr13	-	52548554	TGTTATTTCTTTTCTTTTTAGATCTTATCTAAGCTTTCTTT	52549304	ATGCATTGTAAGTCT
ATP7B	chr13	-	52548071	CCTGTGTCCATTCCATTGAAGGCATGATCTCCCAACTGGAA	52548220	GTTTCTGGTACGTAG
ATP7B	chr13	-	52548071	TGTTATTTCTTTTCTTTTTAGATCTTATCTAAGCTTTCTTT	52549304	GTTTCTGGTACGTAG
ATP7B	chr13	-	52523798	CTTGGTGTTTTATTTTCATAGGCACCCATTCAGCAGCTGGC	52523932	CTTTCCTGTAAGTTG
TNNT1	chr19	-	55645434	ACAGCCCTCCTGCCCTGCCAGGGAGAAAGCCCAGGAGCTGT	55645524	ATATGAGGTGAGACC
TNNT1	chr19	-	55657802	GCTCCTCCCTCCCCTCCCCAGCCCCCGAAGAGCCGGAGCCG	55657834	GAGCCAGGTAACCGC
TNNT1	chr19	-	55645434	cctctccgtCCCTGGGCCTAGGGCCCGGTCTGCCTGGCTGC	55645572	ATATGAGGTGAGACC
SGCE	chr7	-	94229009	TAAATTTTGTTTTGTTTCTAGGGAAAAGAGAAACATGCAAA	94229035	CACCAGAGTAAGTGT
SGCE	chr7	-	94217090	TACTGCTTTCGTGAATTTAAGGAGATTTTCGTTTGACAACT	94217124	ATTTGAGGCAAGTAT
SGCE	chr7	-	94227242	tttttcttttttttttttaagatggagtttcgctcctgttg	94227316	ctcccaggttcaagt
PLA2G6	chr22	-	38577791	CATCACGTGGCCCGAGGCCCGTTTGTTTGCGGAAGTAGGAG	38577836	AGCCGAGGTGAGTGA
PLA2G6	chr22	-	38524276	CCTTCCCCAAACCATGACAAGTTGTCACCAGGAAGGCGATC	38524437	AACCTAGGTAGGCCT
PLA2G6	chr22	-	38577671	CCTCGCGGGTGGGCGGGGCCTGGGGGTCCGTTCCCCAACTT	38577761	TTCTGAGGCATGTCC
NIPBL	chr5	+	37063892	AATAATATCTGTTTTTTGTAGTTCAAACTTCTCATGGAACA	37065921	TAGTTTATTCCTTGT
NIPBL	chr5	+	37064629	TCCCCCCTCCCAATGTTTTAGTCATTGAGAAGGTCAAAACG	37065921	TAGTTTATTCCTTGT
NIPBL	chr5	+	37063892	AATAATATCTGTTTTTTGTAGTTCAAACTTCTCATGGAACA	37064080	TTCAGGGGTGAGGCG
CAPN3	chr15	+	42678365	GTGCCCTGTGTCTGCCTGCAGGGGACTGCTGGTTTCTCGCA	42678483	CTTCCAGGTGAGGTA
CAPN3	chr15	+	42698124	CTGTTTCCTTTTCTTATGCAGAAAAAGAAAAAAACCAAGGT	42698141	AACCAAGGTAGGTGT
CAPN3	chr15	+	42691690	TCTCTTCTTCCAACCTCTCAGGATGTCCTATGAGGATTTCA	42691850	TTCCCAGGTGGGAGA
CAPN3	chr15	+	42695939	ACATGTCTGTATTCCTCACAGGGAAGTTGAAAATACCATCT	42695975	GCCAGTGGTGAGTGG
CAPN3	chr15	+	42679951	GTGCGTGACGCTTCTGTGCAGTTCTGGCGCTATGGAGAGTG	42680084	ATGCTAAGTAAGCAA
CAPN3	chr15	+	42686454	AGCTCTTTCTGTGTGCTTAAGGTCCCGTTCAAAGGTGAGAA	42686539	GTGATAGGTAGGTGA
CAPN3	chr15	+	42676681	CATTTCCTTTTTGTTTCACAGGAAATTTGCGAGAATCCCCG	42676750	GAGCTAGGTAGGAAA
CAPN3	chr15	+	42684837	TCTCTGGTTACTGCTCTACAGACAATCATTCCGGTTCAGTA	42684920	GGATGAGGTAAGCCT
CAPN3	chr15	+	42700409	CCTCCTCCCTCCTCTCTCCAGCCCATCATCTTCGTTTCGGA	42700522	CCCACAGGTGTCTGG
CAPN3	chr15	+	42694322	TCCTTTCTGTTTCTTCTCAAGGTTCCCAAAGAGGTATAGCA	42694333	CAAAGAGGTATAGCA
CAPN3	chr15	+	42694588	ACACATGCCTTTGCACACTCACCCTCCTCCACGCTTACAGC	42694756	TGTTCTGGTAAGTGT
CAPN3	chr15	+	42682151	ACATTCTCCATCGGGCCTCAGGATGGCACGAACATGACCTA	42682294	GACCCGGGTGTGTAC
CAPN3	chr15	+	42688998	ATTCCTCCATTTTCCCACCAGATGGAAGGACTGGAGCTTTG	42689075	AGTTCTGGTGAGTCC
CAPN3	chr15	+	42681126	GGTCTTCATCCTCTCTCTAAGGCTCCATGGTTCCTACGAAG	42681294	CATTGATGTAAGTCT
CAPN3	chr15	+	42693839	GCTTCCTTTCTGGGGGTGCAGATACTTTCTGGACCAACCCT	42694008	CTACGAGGTGTGCAG
CAPN3	chr15	+	42694992	TGGGCTCTCCCCATCTCTCAGATGCACGGGAACAAGCAGCA	42695200	TCTCTGAGTGAGTGC
CAPN3	chr15	+	42696977	CTGGGcagtgacagtcatggtcataatcctgaccctgagcc	42697153	ACGTCACGTGAGTAG
CAPN3	chr15	+	42651698	AGGCCACTGAAACACAACCCTCACTCTCTTTCTCTCTCCCT	42652312	ACCTCCGGTGAGTAG
BRCA1	chr17	-	41201138	ACATCTAAATGTCCATTTTAGATCAACTGGAATGGATGGTA	41201211	TGGCACAGTAAGTAT
BRCA1	chr17	-	41277294	TCGTATTCTGAGAGGCTGCTGCTTAGCGGTAGCCCCTTGGT	41277468	GCTCTGGGTAAAGGT
BRCA1	chr17	-	41246761	GTTATTTTTGTATATTTTCAGCTGCTTGTGAATTTTCTGAG	41246877	TATCAGGGTAGTTCT
BRCA1	chr17	-	41277288	TGTCCCTCCCATCCTCTGATTGTACCTTGATTTCGTATTCT	41277500	GGTAAAGGTAGTAGA
BRCA1	chr17	-	41243452	GTTATTTTTGTATATTTTCAGCTGCTTGTGAATTTTCTGAG	41246877	AACTTAGGTATTGGA
BRCA1	chr17	-	41228505	TTCTCATTCCATTTAAAGCAGTATTAACTTCACAGAAAAGT	41228628	TGGAAAGGTAAGAAA
BRCA1	chr17	-	41267743	TCTCCCCCCCTACCCTGCTAGTCTGGAGTTGATCAAGGAAC	41267796	TTTGCAAGTAAGTTT
BRCA1	chr17	-	41228505	GTTTTCTCATTCCATTTAAAGCAGTATTAACTTCACAGAAA	41228631	TGGAAAGGTAAGAAA
BRCA1	chr17	-	41231351	ACAATTTCACCTTTCTTACAGATTCGCATATACATGGCCAA	41231416	ATATCAGGTGCCTCT
LAMA2	chr6	+	129796535	TTCCTCTTTCCCGTTATCTAGTATGAAAGCAAGGTAAAATT	129796546	AAGCAAGGTAAAATT
PDHA1	chrX	+	19369399	TTTCTCCTTCCTCTAACACAGGAAGCTTGCTGTGTGGGCCT	19369525	CTTACAGGTTTGCTG
PDHA1	chrX	+	19364628	aaaaaattttttttttactagagacatggtcttgctacgtt	19364741	CAGGCAGGTAGGGAG
PDHA1	chrX	+	19369378	ATGTATCATATTGCCTCATAGTTTCTCCTTCCTCTAACACA	19369525	CTTACAGGTTTGCTG
PDHA1	chrX	+	19372609	CTCGGTTGTCCTTAATGTTAGGTGCCCCTGGGCGCTGGGAT	19372701	TAACCAGGTAATTAT
DYSF	chr2	+	71680753	CTAGTCCAGCCCCCGGCCATCGCGGCCGCCGCCCAGCCAGG	71681216	TTTGCAGGTAGGAGG
DYSF	chr2	+	71776480	TTCCATTTCTTTACGCTTCAGAGGAGCCTGCAGGTGCTGTC	71776521	TCAGACTGTACGTTG
DYSF	chr2	+	71693832	CTCTCCCAGGCATTGGTCACTTCTCCGCGGAGGAGCAGCGA	71694063	TTCCGAGGTGAGAGC
DYSF	chr2	+	71847677	ACCAGCATGTTTCATTTGTAGCTTGCAGACGGTCTGTCGAG	71847739	TCCTCATGTATGTAC
DYSF	chr2	+	71740370	TATGCCCTGCCCACAAGACAGGCGGGGGACAGAGCCGGGCC	71740462	CCCACGGGTGAGACA
ALS2	chr2	-	202582800	TTATTCTCTGACTTTACCTAGGGAACACTGACTATGCCAAA	202582933	AAGTTTTGTGAGTAA
ALS2	chr2	-	202569177	TTGTCATTGTTTCTGTAACAGCACAACATTTACCCCATCAG	202569326	GGGCCAGGTAACTGT
ALS2	chr2	-	202588053	TTTCTTTTTATTTCTGTGCAGGGGGGAAAAGTATATGGGAA	202588164	AATGATGGTGAGTGG
ALS2	chr2	-	202591207	TTCTTTGCTTATGCATTCCAGAGGGGTTTTGAAGTGGCCTG	202591272	AAGATGGGTAAGAAA
ALS2	chr2	-	202574604	ATTGATTCTTTTCCTACTCAGGCCTGTGACACTCCTCTGCA	202574761	TGGTGAGGTAAGAGA
ALS2	chr2	-	202589018	ATCCATTCTTTCCAACCACAGCTATGCTTCTGGTGAAGTAT	202589182	TCACTAGGTACAGTA
ALS2	chr2	-	202590079	ATTTTTTCTTTTTCATGGCAGGTATGGAGAATACAGAATCC	202590177	TCTACAGGTAACATT
ALS2	chr2	-	202569862	CCTTCACTCTCTTTTTTGCAGGTTTTGCCAACCACGAAAGA	202569923	AGATCAGGTAATCTC
ALS2	chr2	-	202592428	CCTCCGTGTTCTCTGTTTCAGTTCTCCACGCACCATGTTTT	202592498	GTGGTGTGTAAGTGC
ALS2	chr2	-	202614435	TTTTCTGTGTTTTTTTGATAGGTTTACTCATGGGGTAGCAA	202614512	TGCAAAGGTACTTTT
ALS2	chr2	-	202624180	tttcttttttttAACCTTCAGATGGTGAGGTCTACAGCTTT	202626541	atttaaattaaatGT
ALS2	chr2	-	202575714	CTTTTCTTTCCCTTTTTATAGTCCAGAAATACTGAGTCGTT	202575831	AATAAAGGTAAACTA
ALS2	chr2	-	202568845	ATCTTTTTCTCTCTGGGGCAGGATTAGGAATTTAGGCTCTG	202568941	CTTGAAGGTGAGTAT
ALS2	chr2	-	202580395	AGGTTGATATGACTTTATTAGCAGGAAGCTAGGAAACCTGG	202580562	GAGACAGGTGAGTGA
ALS2	chr2	-	202591387	GACGTTACTTTTTGCTCCTAGACAAAGTGGCTACGAGCTAT	202591589	ATGGCAGGTGAAAAT
ALS2	chr2	-	202597999	TTTTTTTTCCTCTGCCTCTAGTGATTTCCTAAATAAAAACC	202598161	TGAAGTGGTAAGCTC
ALS2	chr2	-	202593775	TCTTTAATTTTTGCCCTGTAGGCATCTCCAGAATATCAGAA	202593906	AATGACGGTAAGCCA
ALS2	chr2	-	202617869	GCCTGTGTGTTTCTTTTTAAGGCTTCAACCGTTGTGTGTAA	202617965	ATCCCAGGTAGGAGG
ALS2	chr2	-	202587766	TTCTCTTGTTTCTTCTTGTAGGGAAATGGGGTTTTGCTTTC	202587843	TGGAAAGGTTGGAAA
ALS2	chr2	-	202603393	GTGTTTTCTTTTCTGCTCAAGGTATTGCACATCTATTACAA	202603458	CTGCCATGTAAGCAA
ALS2	chr2	-	202625604	tttcttttttttAACCTTCAGATGGTGAGGTCTACAGCTTT	202626541	ATCTCAGGTACCTGC
ALS2	chr2	-	202611289	ACTATCTTTCTGTCGTTGCAGATAAGCAGTGAAAATGGAGT	202611471	TAGTAAGGTGAACAG
ALS2	chr2	-	202593235	TATATTTGTCTTTAATTCCAGGATTCCTTGAGGAAGCCAGA	202593363	TGCCCAGGTAGGCTG
ALS2	chr2	-	202606397	ATCATCATTATTTTGTTATAGAAAATTTGGGCACTACAACT	202606577	ATACAGAGCAAGTAT
ALS2	chr2	-	202622125	ttttatGTGTGTATATTTTAGCCTCTTTTAGAAGAAGCAAT	202622482	TCACAAGGTAAGGAA
ALS2	chr2	-	202564986	TATTTTGAACTTTTCTTCCAGGCATGTTACTACCAGATTCA	202566612	ATAGTTACTCGTTAT
ALS2	chr2	-	202608981	TTTTGTTTTCTTCTGTTTCAGCTTGGATATATAAGCAGAGT	202609152	AGTTTAGGTAAGTTG
ALS2	chr2	-	202619226	CCACGTCTGGTTGGTTTTCAGTTTCCCCCAGGCTCTTAAGA	202619394	TGCCTAGGTAAGCGC
ALS2	chr2	-	202570139	AATTTATGGATTCCATTATAGGAAATTTTGGCCAGCAACCT	202570184	TAAAAAGGTATAGTA
ALS2	chr2	-	202571569	TCCCACTCCATTATTTTGTAGTTATGTAGTAACGAGTTCTG	202571745	TGCAGAGGTAAGTGT
ALS2	chr2	-	202591935	TTATCCTTGTGAACGTTTTAGGAATGGCTTAAAGATAACTA	202592001	GGAAAAGGTTAGTCT
ALS2	chr2	-	202572592	ATATTTTTTATTCTTCCTTAGGTTCTTATTTCCTGAGCTGC	202572714	AGCCAGGGTAAATGG
SLC25A22	chr11	-	796043	CCCTGCGGCCCCTCGCCTCCTCCCCCGGCAGCTTCCCCTTC	796263	GCTGCCGGTGGGTGA
SLC25A22	chr11	-	797612	GGTTCCGGGCGCGCTCCCCGCACATACGTGTCCCCGAGGGT	797995	CTTGGGGGTAGGAGG
SLC25A22	chr11	-	798217	CGGACGCGCCTCCCCGCCTAGGTGCTGGCCGAgcgcggggc	798269	gAGCGTGGTGAGTGT
ALDH7A1	chr5	-	125889979	GCCTTCCTTTTCTCTCTCCAGCTAATGTTCTCTATGGGCCA	125890085	GGGCAAGGTAAGGGA
ALDH7A1	chr5	-	125891623	TGAATATCTTTTTTCGTTTAGTTTATACATGAAAGCATCCA	125891707	TGGGACCGTGAGTAT
APTX	chr9	-	32988081	ACTTTTTCCAATCTCTTTCAGTACAGTTGAAAGCAGAGTGT	32988127	AAAGCAGGTAGGTGT
APTX	chr9	-	32972604	TATCTCATATTGGTTTTCCAGAGTAGCTGGGATTTGACTTT	32973686	GTATTCAGTTGTTTT
APTX	chr9	-	32997241	tgtgtttttctcctccacaagatttattttttttagatgag	32997346	actacaggtacgtgc
APTX	chr9	-	32972604	ACTTTTCTTCCTTGCCTGCAGCTGTGATCGAGATGGTACAA	32973650	GTATTCAGTTGTTTT
APTX	chr9	-	33001331	ACGTGAATTTGTCCGTCTCCGACTTCTGGAGGTAAGGCGGT	33001574	GACACCTGTATGTAC
APTX	chr9	-	32987542	AACTTTATCCATATATTGTAGAGTTTGAGGAAGAGGCAAAG	32987729	CAAAAAGGTGAGGGT
APTX	chr9	-	32987758	TTCTGATTGTTTATTCCATAGGTAGGAGTCAATCCCACCAG	32987844	CCACATGGTGAATGA
APTX	chr9	-	33001514	CCCGCAGCGCCGGAAGCGGTGAGGCACAGATGAGTAACGTG	33001610	GCCGCGGGTGAGCGT
APTX	chr9	-	33001565	GTCGCGATACAGCCGGCCTCTGACGTCATCCCGCAGCGCCG	33001639	TCTGGAGGTAAGGCG
APTX	chr9	-	32987542	TTCTGATTGTTTATTCCATAGGTAGGAGTCAATCCCACCAG	32987844	CAAAAAGGTGAGGGT
PEX1	chr7	-	92148309	TAAATTTTTAATTTTTTCTAGGTATTTCTCAAGCCATGTTC	92148392	GATACTGGTAAAGAA
PEX1	chr7	-	92148274	TAAATTTTTAATTTTTTCTAGGTATTTCTCAAGCCATGTTC	92148392	ATTTAAGGTTAAATT
PEX1	chr7	-	92134046	TTTCATATCTTCTGTATTAAGGAAAAAGGCTTGAAAACATA	92134216	GCTCATGGTAAATGC
RYR1	chr19	+	39014555	GTCTGCGGTCCGGTGAAGCAGGCGGGAGATATACAGGTCAG	39014569	TATACAGGTCAGCCC
SCN1A	chr2	-	166900212	TTTGCTCTTTCAAACTTCTAGTCTTTGTTGAGCATCCGTGG	166900559	GCCAGAGGTGATAAT
SCN1A	chr2	-	167005557	GAGACACACTGCTGGCCTGTGGAAACTCATGGAACTGTTCC	167005642	TTTGGGGGTAAATAT
SCN1A	chr2	-	166900179	TTTGCTCTTTCAAACTTCTAGTCTTTGTTGAGCATCCGTGG	166900559	TGACAATGTAAGGAA
SCN1A	chr2	-	166900263	TTTGCTCTTTCAAACTTCTAGTCTTTGTTGAGCATCCGTGG	166900559	TTCCTTGGTTGGTGG
SCN1A	chr2	-	166929868	TGCAGAATAAATGGTAATTAAAATGTGCAGGATGACAAGAT	166930149	TAAGAAAGTGAGTGT
SCN1A	chr2	-	166934220	ggacatcttggttgcttccaggtttgggcaattatgaataa	166934311	tcctaaggtatgcaa
SCN1A	chr2	-	166929868	TCTGTATTCCTTTTATTTTAGGAATTTCATATGCAGAATAA	166930180	TAAGAAAGTGAGTGT
WFS1	chr4	+	6279182	CTTGACTTTTCTTCCAGGCAGGATGGACTCCAACACTGCTC	6279414	GGCACCGGTAAGGGA
WFS1	chr4	+	6279178	TGACCTTGACTTTTCTTCCAGGCAGGATGGACTCCAACACT	6279414	GGCACCGGTAAGGGA
SIGMAR1	chr9	-	34637604	CCCGGGCCGCTCCGATTGGTCAGGGCGAGCCGTACCACGGC	34637823	TGGCTGGGTACGCAG
SIGMAR1	chr9	-	34637217	CCGCCCCTCTGCCTCCGCCAGGGCTGGACCACGAGCTGGCC	34637417	CACTCGGGTCAGTGC
SIGMAR1	chr9	-	34634719	ACCACCTACCTCTTTGGCCAGGACCCTTGACCAGCCAGGCC	34635637	TGTTCCATCTTTTTG
SIGMAR1	chr9	-	34637264	CCGCCCCTCTGCCTCCGCCAGGGCTGGACCACGAGCTGGCC	34637417	TGTCCGAGTATGTGC
SIGMAR1	chr9	-	34637544	GCTTCGTGGGCAGCCGGCGGGCTCCGAGGCCGTGAGCGCAA	34637768	TACGCTGGTGAGCGG
SIGMAR1	chr9	-	34634719	TGGGTGCTCCCTGTCCCCCAGGGGAGACGGTAGTACACGGG	34635855	TGTTCCATCTTTTTG
SIGMAR1	chr9	-	34637544	CCCGGGCCGCTCCGATTGGTCAGGGCGAGCCGTACCACGGC	34637823	TACGCTGGTGAGCGG
SIGMAR1	chr9	-	34636994	ATGGCGCGAATACCCTGATAGTGTCATGTGCGATTGTCACT	34637109	TACCCAGGTGGGTAA
SIGMAR1	chr9	-	34634720	TGGGTGCTCCCTGTCCCCCAGGGGAGACGGTAGTACACGGG	34635855	CTGTTCCATCTTTTT
SIGMAR1	chr9	-	34636994	TCATGTGCGATTGTCACTCAGGGCGCTACTGGGCTGAGATC	34637086	TACCCAGGTGGGTAA
