Gene	Chromosome	Strand	Exon_start	Acceptor_seq	Exon_end	Donor_seq
FKTN	chr9	+	108382215	ttttaaaaaaaGGTTTTTAAAAATGTATTTCCTTTGTTTCAGTGTGTGAAGGTTTTCATCTTCCCCATAGGTAGAAGACAGCTTGGAACTATCCTTCCAGGGAAAAGATGATGTAAAACTTGATGTTTTTTTCTTCTATGA	108382342	TTTTTCTTCTATGAAGAAACTGATCACATGTGGAATGGAGGCACTCAGGCCAAAACAGGAAAAAAATTCAAGTATGAATCAAATAAGTACTTATTTATAAAGGTACTACAGAAATAATTTCAGGAGGTAGAAATAAAGAAG
FKTN	chr9	+	108358879	GCCTAACTGAAATGTAATGTTGCATGCTGGACTTTGAATTTACTAAAAAGTTCTTTTGTTGTCTTCCTAGAATGGAGCTGGTTTGTCAAAATCCAAAGGAAGCCGAATTGGATTTGATAGCACACAGTGGGTATGTAGAAT	108358938	TGTCTTCCTAGAATGGAGCTGGTTTGTCAAAATCCAAAGGAAGCCGAATTGGATTTGATAGCACACAGTGGGTATGTAGAATAAACAAGAAATTTCTCAATTATAATGTTCATTTAGTTCATTCATTTACTCCGTAAGTAT
FKTN	chr9	+	108363426	TTAAAATGTTATAAAATAGACTGTTGTGTTGGCTTACTGGAATTACGAGAATTCTTTTTCTCTCAAACAGCGTGCAGTTAAAAAATTTATTATGTTAACATCCAACCAAAATGTACCAGTGTTTCTTATTGATCCTTTGAT	108363629	AATGCAAGTTTTTCTGTGTTCCAAGAGACTTTACTGCATTTGCACTGCAGTATCACCTATGGAAGAATGAGGTAAGTGACTTGCTTTCAGATAATGGAATGTGTCTCTTTTTACAAAATAGTATAGGTTTAGGCTAGTTTA
FKTN	chr9	+	108380240	TATAATTTGTTATAATAACTAATTTTTTCCAAACCTAAATTTTGTTAAAAAAATTTAATCTTCTTTTTAGGATGGTATCGACAATGCAACATTATTCCTTATAGCAAAGATGTTGACCTAGGAATTTTTATACAAGATTAC	108380373	AAGATTACAAATCTGATATTATTTTAGCATTTCAGGATGCAGGACTTCCGCTCAAACACAAATTTGGGAAGGTCAGTAACAAAAGTCGGCTTCATTTCATAAGTAACATATCTCACTTGTAAAGTTTACATTAAGCAACTC
FKTN	chr9	+	108377559	CAGATGCCACAGAAAGGTTCCTAGCAATTTAGAAATGGCTGTAATAGCTGACTATTTATTATATCTGTAGCAGTACCTTGATGATAACACTGTGGAAGCTGTGGCCTTTCGGAAGAGTGCAAAGGAATTACTGCAACTAGC	108377688	ACTGCAACTAGCAGCGAAAACATTAAACAAATTGGGAGTACCATTCTGGCTGAGCAGTGGAACTTGTCTAGGTAAAATTCTTACGACTTTCCATTTGTCTTTCTGTCATTTTGTCCTCTGGCTTTAGGGATTACTGCTTGA
FKTN	chr9	+	108320411	AGCAGGAACCAAGCCAGCCTCCGCCGCTCAGCACTTGACGGCGGCTTTTGCGGCGGTTGCTGTGAGTGCCGTAAAGCGGAGCGGCTGCAGCCTGCTGTTGAGTGAGGTAAGGTACGGGAGGCTCAGGTCGGTACCCGGGGA	108320446	TGACGGCGGCTTTTGCGGCGGTTGCTGTGAGTGCCGTAAAGCGGAGCGGCTGCAGCCTGCTGTTGAGTGAGGTAAGGTACGGGAGGCTCAGGTCGGTACCCGGGGATGGGTGGGCGCCTTCAGACAGGTACCGCTGGCGAC
FKTN	chr9	+	108337226	ATTGTTGGTTATTACAGGTACAAAATTAAAGAGGTTTTTGTTTCTTTAAAAATATCTTTTTTGTTCACAGAAAACAAAATTATCTTCCTTTCCAAATCCAAAAAGATGAAAACGACTGAGATACTTTCAAAAGACAACCAA	108337418	TTTTAACGCTGACAAGTTCTGCATTTCTGCTGTTTCAGTTGTACTACTACAAGCACTATTTATCAACAAAGGTAATTTTATTCCTTCTTTCTTATCATTCCTCCTTTCTTATCATTGTATATTTTCTGATCACACTTCTCT
FKTN	chr9	+	108370100	tatttgtcctaatgttctccctccctgtttcccccacccctcATTAATAAATCTTAACTTTTGTTTTCAGGCCAGAGTTACAGCAAGTTACTGTTGATGGACTGGAAGTTCTCATTCCAAAGGATCCAATGCACTTTGTAG	108370232	ACTTTGTAGAAGAAGTACCACACTCTAGGTTTATTGAGTGTAGGTATAAAGAAGCTCGAGCATTCTTTCAGGTTAGAGACAACCAAATGTGTACTTTTAAATTAAAGAAAATGTTGGGATTATTTTTAATATTTGAGGGTG
FKTN	chr9	+	108366496	CTAGTATTTGGCTTTAAATATTCAATGTTTAAGTGTTGTTTCTTGATGTTTGATGCTTCTTTGGTTCTAGGAAGGCTGGTTTCGGATAGCTGAGAATATGGGATTTCAGTGCCTAAAGATTGAGAGTAAAGATCCCCGGCT	108366773	GAACACATTGACAGGAAATTTGTTCCCTTCCGAAAGTTACAGTTTGGTCGTTATCCAGGAGCTTTTGACAGGTAAGTTCAGAGTCAAAACGTGAAATGTGAAATGAGTGTTGTTCAGTCATAATTCTTGCAGTGTTTTTAC
PLP1	chrX	+	103044262	TTCATGATTTACAGTGGAGCATATTACTGCTGTTGCAAGAAACAGTTCTTCCTCTTTCATTTTCCTGCAGTTCCAAATGACCTTCCACCTGTTTATTGCTGCATTTGTGGGGGCTGCAGCTACACTGGTTTCCCTGGTGAG	103044327	TGCAGTTCCAAATGACCTTCCACCTGTTTATTGCTGCATTTGTGGGGGCTGCAGCTACACTGGTTTCCCTGGTGAGTTGACTTTGAATGATCTTGGCAAGTAAATAGGCCTGAGATAGTGTGGGTACAGCTATTCTGAAAG
PLP1	chrX	+	103042727	TCTCCCAGTTTGTGTTTCTACATCTGCAGGCTGATGCTGATTTCTAACCACCCCATGTCAATCATTTTAGTTTGTGGGCATCACCTATGCCCTGACCGTTGTGTGGCTCCTGGTGTTTGCCTGCTCTGCTGTGCCTGTGTA	103042895	CCAGTCTATTGCCTTCCCCAGCAAGACCTCTGCCAGTATAGGCAGTCTCTGTGCTGATGCCAGAATGTATGGTGAGTTAGGGTACGGGTGCTTTGGCTCTCCTACCCACTATGGAAGCACTATATATTTGGTTATTTTCTT
PLP1	chrX	+	103040511	GGCAGAGGGGTTTGAGTGGCATGAGCTACCTACTGGATGTGCCTGACTGTTTCCCCTTCTTCTTCCCCAGGCTTGTTAGAGTGCTGTGCAAGATGTCTGGTAGGGGCCCCCTTTGCTTCCCTGGTGGCCACTGGATTGTGT	103040697	ACTGGCACAGAAAAGCTAATTGAGACCTATTTCTCCAAAAACTACCAAGACTATGAGTATCTCATCAATGTGTAAGTACCTGCCCTCCCACACAGACCCATCTTTTTTTTCCCTCTCTCCATCCTGGAGATAGAGAACTCT
PLP1	chrX	+	103045455	CCAAAGGGATTTGAGGAGGGAGTGCTTTCTTTTCTACTCTCATTCACATTCTCTCTTCTGTTCCCTACAGCTCACCTTCATGATTGCTGCCACTTACAACTTTGCCGTCCTTAAACTCATGGGCCGAGGCACCAAGTTCTG	103047548	TTAGAAACTTATCTTACAAAGTGtattttataaaattaaagaaaataaaattaaGAATGTTCTCAATCAAACATCGTGTCCTTTGAGTGAATTGTTCTATTTGACTTCACAATAGAAACTTAATAATCGTACCTTGTTCAA
PLP1	chrX	+	103043366	GGGGGAAAGTCTCCATGTGGCCCCGTAACTCCATAAAGCTTACCCTGCTTGCTTTTTGTGTCTTACTTAGGTGTTCTCCCATGGAATGCTTTCCCTGGCAAGGTTTGTGGCTCCAACCTTCTGTCCATCTGCAAAACAGCT	103043439	TTCTCCCATGGAATGCTTTCCCTGGCAAGGTTTGTGGCTCCAACCTTCTGTCCATCTGCAAAACAGCTGAGGTGAGTGGGTTATTTGGGTTATTTTACAAGGGAGTAGCTAATACCATACAAATTACACCCATGGCCTTCA
ATP7B	chr13	-	52539008	TCCCTGGACTGGCTTTCACAGGCTTTCCTTGATCCTGGGTCTGTGGGATTCTTGCCATCCTGTGTTGCAGATCACAGGGATGACCTGCGCGTCCTGTGTCCACAACATAGAGTCCAAACTCACGAGGACAAATGGCATCAC	52539169	CCACCAGCAAAGCCCTTGTTAAGTTTGACCCGGAAATTATCGGTCCACGGGATATTATCAAAATTATTGAGGTAAGTAATTCATTAAAAAATTGTAGTCACCTTTTTAAAAACAGTAATATATAATCAGTGAAGAAAAATG
ATP7B	chr13	-	52585423	GGCGGCGCGCAACTTTGAATCATCCGTGTGAAGAGGGCTGCGGCTTCCCCGGTCCCAAATGAAGGGGCGGTTCCCGGACCCCTGTTTGCTTTAGAGCCGAGCCGCGCCGATGCCCTCACACTCTGCGCCTCCTCTCCCGGG	52585630	TTCGGTGTCCGTGCGGGACGATGCCTGAGCAGGAGAGACAGATCACAGCCAGAGAAGGGGCCAGTCGGAAAGTGAGTTTTGTTCCCCCGCGTCCGCGCAGCGTGCTCACTCCCACCAGGAGGATTTTCCTCCCCGCGTTCG
ATP7B	chr13	-	52542580	TTATATTGACTGTGTCAACCTAGAGGCCCTGCCCACCCAGAGTGTTACAGCCATGACCTGATGGTTCCAGGTGTTCTCTCCGTGTTGGTTGCCTTGATGGCAGGAAAGGCAGAGATCAAGTATGACCCAGAGGTCATCCAG	52542743	TCCAGGACCTGGGTTTTGAGGCAGCAGTCATGGAGGACTACGCAGGCTCCGATGGCAACATTGAGCTGACAGTAAGTACTGTGGGTGCGTTACGGGGTTACAGGCTTCTGACAGTTTGCATTTTGGACACATCCATCTTTG
ATP7B	chr13	-	52513187	tGCAAGTGTGGTATCTTGGTGCGGGGTGCCCCAACTTGTGTAGCTGCTGATGCTGGCTGGTTCGCTCCAGGTGTGCTCTGTGGGATGATCGCAATCGCAGACGCTGTCAAGCAGGAGGCTGCCCTGGCTGTGCACACGCTG	52513329	AGAGCATGGGTGTGGACGTGGTTCTGATCACGGGGGACAACCGGAAGACAGCCAGAGCTATTGCCACCCAGGTACAGCCCTTTAATGTTGCAAACTGTGTAAAGCTCATAAAAGCAGTTAGAGACAAAAGTAAGCACCAGT
ATP7B	chr13	-	52518245	CCTCAGGAGTGTGACTATGGAAGCCCCTCCATCTGTATTGTGGTCAGTGAGTTGTGGTTGTTTTTGGCAGATAAAGACTGTGATGTTTGACAAGACTGGCACCATTACCCATGGCGTCCCCAGGGTCATGCGGGTGCTCCT	52518427	CTGTGGTGGGGACTGCGGAGGCCAGCAGTGAACACCCCTTGGGCGTGGCAGTCACCAAATACTGTAAAGAGGTACGTGGACTTGGGCGTGGCCCTGCCCTCCCCGCCAATGCTCTTTTATTCCTCACCATGTCCTTCTCTC
ATP7B	chr13	-	52531652	TGACTCTCAGGCTGGGTTTGGACAGGTCTGCTTTCGATAGCTCTCATTTCACATTCTGGTTATTTCCTAGAGCAAAACCTCAGAAGCCCTGGCTAAACTCATGTCTCTCCAAGCCACAGAAGCCACCGTTGTGACCCTTGG	52531743	GCTAAACTCATGTCTCTCCAAGCCACAGAAGCCACCGTTGTGACCCTTGGTGAGGACAATTTAATCATCAGGTGAGTTATGGTTATCAAATGTCTTTGTGGTTGGTATCTATCAATCTGTGTGAGCTGCATCAGATGCCCA
ATP7B	chr13	-	52515217	AGGATTGCATGGTTTTTAGTTCACAGTGAAATTGGACCATTTAGAAATAACCACAGCCTCTTTTGAATAGATGCAGTCCCCCAGACCTTCTCTGTGCTGATTGGAAACCGTGAGTGGCTGAGGCGCAACGGTTTAACCATT	52515360	TAGCGATGTCAGTGACGCTATGACAGACCACGAGATGAAAGGACAGACAGCCATCCTGGTGGCTATTGACGGTATCTTCTGCTTCTGCCTTCCTTCCGCTCTCTCAGAAATACAGTTTTCTGCAGATATCAGGCAAAAGAG
ATP7B	chr13	-	52506805	ACCAGGCTTAGAAAAAAAAAAAGCCTTGTTTCTAGAATGGCTCAGATGCTGTTGCGTTCCTGCTTTCCAGCTATAAGAAGCCTGACCTGGAGAGGTATGAGGCACAGGCGCATGGCCACATGAAGCCCCTGACGGCATCCC	52509165	CAGATAATCATTTCTACTTCAAAAACATTTCATGCAATATTAGAATAAAGTTCCTGTCATTCCTCTAAAAATCTGCCTGTGAGTGAGATGCGTGGTCAGAGGCCAGTGCCGTCTTGTCTTCACGAGGGCTTCTGTGAGGCA
ATP7B	chr13	-	52520420	TATGTGATTAGAGTTCTGGGAGCTTCCTTATTGAACTCTCAACCTGCCTCTGACTCTGTCCTGTTTTCAGAACCCCAACAAGCACATCTCCCAGACAGAGGTGATCATCCGGTTTGCTTTCCAGACGTCCATCACGGTGCT	52520614	TGGGCACCGGGGTGGCCGCGCAGAACGGCATCCTCATCAAGGGAGGCAAGCCCCTGGAGATGGCGCACAAGGTCAGCCTGTAGCACGGCTTTCCCCATCCTGAGAGATGAAAGTAGTATCTGTTTACTATTTCACATTGAG
ATP7B	chr13	-	52524143	AGCAGCTGTCAGGTCACATGAGTGCTGGATGGGGCTGAGCAAGTGACAGTTGTCTCTTTCCTACGTCTAGGAGAAGCCATGCCAGTCACTAAGAAACCCGGAAGCACTGTAATTGCGGGGTCTATAAATGCACATGGCTCT	52524297	CTACCCACGTGGGCAATGACACCACTTTGGCTCAGATTGTGAAACTGGTGGAAGAGGCTCAGATGTCAAAGGTAATGAAGAAATTTTTAAAACTAACTTCATCTTTCTCGTTTTAGAAATTATGTGAAGAGTTCTGGGAAA
ATP7B	chr13	-	52524408	CAGCTGGCCTAGAACCTGACCCGGTGACCGAATGAGTGGCCATGTGAGTGATAAGTGGCGTTTGTTGCAGGGAGGAGCAAGTCCCCATGGAGCTGGTGCAGCGGGGCGATATCGTCAAGGTGGTCCCTGGGGGAAAGTTTC	52524535	TGGGGGAAAGTTTCCAGTGGATGGGAAAGTCCTGGAAGGCAATACCATGGCTGATGAGTCCCTCATCACAGGTGAGATGGCTTGTTTCATGTTCCCTCAGGAGGATATCATAGCAGCTGTCAGGTCACATGAGTGCTGGAT
ATP7B	chr13	-	52511612	GTAACTTGAGGTTTCTGCTGCTATCTGATACCTTTTGCCAACACTAGGCATTGCCTTCCTTTTGTCTTAGGTTGGCATCAACAAAGTCTTTGCAGAGGTGCTGCCTTCGCACAAGGTGGCCAAGGTCCAGGAGCTCCAGAA	52511815	CAGACATGGGTGTGGCCATTGGCACCGGCACGGATGTGGCCATCGAGGCAGCCGACGTCGTCCTTATCAGAGTGAGCGTGGCTGCAGCCAGGCTGTGGGTGCTGGGAGGGCAATGGGCAGACCCCTTCCTCACTGTGTGCT
ATP7B	chr13	-	52544628	GAAACCTCTTGTTCTGAAAAACATATTATTTGCTCTTCTAATTTGAATATTTTCTGACATTTTATCCTAGAAAGCTGTTCTACTAACCCTCTTGGAAACCACAGTGCTGGGAATTCCATGGTGCAAACTACAGATGGTACA	52544885	CTTACAGATCAAAGGCATGACCTGTGCATCCTGTGTGTCTAACATAGAAAGGAATCTGCAGAAAGAAGCTGGTAAGAGATGAACGCCCATGTTGAACTTAGGAATGCTGCGTATAGACCTCGTATTCTCCCTTCAGAATAC
ATP7B	chr13	-	52509729	CGGTGCCTGAAGCCCTCTCCTGGCTCCTCTCCCCAGACCTAGGTGTGAGTGCGAGTTCTTTCTTCCCCAGGTGTCTTCATGCCCATCGGCATTGTGCTGCAGCCCTGGATGGGCTCAGCGGCCATGGCAGCCTCCTCTGTG	52509831	CCCTGGATGGGCTCAGCGGCCATGGCAGCCTCCTCTGTGTCTGTGGTGCTCTCATCCCTGCAGCTCAAGTGGTGAGTCCCCTCAGGTGGAGCATCTGTGGGAGGCTCCCAGGAGGCCTTGTCATTCTGCATGCTTAGCACA
ATP7B	chr13	-	52516522	GCCTGCCCCTCCCTTTCACTTCACCCCTCTTGGCTTACAGTTTCCTCTTCCTCTCTTTCCACCTTCCCAGGAACTTGGAACAGAGACCTTGGGATACTGCACGGACTTCCAGGCAGTGCCAGGCTGTGGAATTGGGTGCAA	52516690	CCACAGTGAGCGCCCTTTGAGTGCACCGGCCAGTCACCTGAATGAGGCTGGCAGCCTTCCCGCAGAAAAAGGTATTGCTGGCTTTTGTCTCTGCAGCTGGTTAAAAGTAGAGGTGGGTCAAACCACAGAGAGCACCACGCC
ATP7B	chr13	-	52511412	GCAGCCAGGCTGTGGGTGCTGGGAGGGCAATGGGCAGACCCCTTCCTCACTGTGTGCTCCTCTCCATCAGAATGATTTGCTGGATGTGGTGGCTAGCATTCACCTTTCCAAGAGGACTGTCCGAAGGATACGCATCAACCT	52511529	TGTCCGAAGGATACGCATCAACCTGGTCCTGGCACTGATTTATAACCTGGTTGGGATACCCATTGCAGCAGGTAGGCAGCTCTTACCCACTGTGCTCCAGCTGCGCCCAGAAAGGCTTCTGTCTCCCAGGTTCCTGCTGGG
TNNT1	chr19	-	55652554	TGGGGGAGGTGCTGGGAGGCTGCTGCCCCCTCCAGGGTCTCCTAGGACGGGCTGCCCGTGTGTCCTGCAGGACATCCACCGCAAGCGCATGGAGAAAGACCTGCTGGAGCTGCAGACACTCATCGATGTACATTTCGAGCA	55652670	CACTCATCGATGTACATTTCGAGCAGCGGAAGAAGGAGGAAGAGGAGCTGGTTGCCTTGAAGGAGCGCATTGTGAGCCGAGAGTCCGGGTTCCCCCCGGTCTTCCTCCCTCCATGTGGATCCCTTGCATCTTGGGAGATGC
TNNT1	chr19	-	55658049	TGGTCTCTGGCCACCGCCCCCATCCCTCCCCCAGCTCCTAACGCCTTCTCTTCTGTGCCCCCATCTCCAGAGGAGGCTGCGGAGGAGGAGGAGGAAGGTGAGGTCCCGGACTCCGCAGGTCTGGAGCTGGGGGGTGGGGGG	55658075	TCCCCCAGCTCCTAACGCCTTCTCTTCTGTGCCCCCATCTCCAGAGGAGGCTGCGGAGGAGGAGGAGGAAGGTGAGGTCCCGGACTCCGCAGGTCTGGAGCTGGGGGGTGGGGGGGCGGGGACGCTGGGCCCGGGAGGAGG
TNNT1	chr19	-	55652251	ATTAGCCTACTCTGGGGAAGGAAGACTGGGGGTACGTCCCTGCACCCCCTTATGCTTCTCCGTTTCCCAGGAGCGGCGCCGGTCAGAGAGAGCCGAGCAACAGCGCTTCAGAACTGAGAAGGAACGCGAACGTCAGGCTAA	55652328	GCCGGTCAGAGAGAGCCGAGCAACAGCGCTTCAGAACTGAGAAGGAACGCGAACGTCAGGCTAAGCTGGCGGTGGGTGCCTCCCCTGCCCTGAGAGCCCAAATGTTACTTCTTCAGCCGGATGCCCATTttgttattatta
TNNT1	chr19	-	55656912	GTGTGTCAGGCCTAGCCCCTCTCCTCTAAACTCTTGCTAATTATCTCTTTTTATCCCCCACCACCAACAGAAGAGGAACGCCCCAAACCAAGGTGAGATCCTACAGGGTGGGGGGCCCCAGTCATACATCTTCCTAAATAT	55656933	TCCTCTAAACTCTTGCTAATTATCTCTTTTTATCCCCCACCACCAACAGAAGAGGAACGCCCCAAACCAAGGTGAGATCCTACAGGGTGGGGGGCCCCAGTCATACATCTTCCTAAATATTCCCTCTACCCCCAGAGACAA
TNNT1	chr19	-	55645255	CAGGCAGGGGTGGGTGGCCCGTCCCCACGTCCCCACCGGCTGTCCCAGCATCTGTCTTCTGCCTCCGCAGATCAACGTGCTGTACAACCGCATCAGCCACGCCCAGAAGTTGTGAGTGTGACCGTCTCAAGCCCTTGCTCT	55645295	TGTCCCAGCATCTGTCTTCTGCCTCCGCAGATCAACGTGCTGTACAACCGCATCAGCCACGCCCAGAAGTTGTGAGTGTGACCGTCTCAAGCCCTTGCTCTTGTCCCTACCCTCCCGCTGACTCTCAGGCCTCTTTCCCTC
TNNT1	chr19	-	55644161	TGAGGGCCTGGGGCCCATTTCAGAGACTGGAGGGGCCCCTTTTTCCTGATACCACCTCATTCTTCTACAGCCGTAAGGGGGCAGGGAAGGGCCGCGTTGGAGGCCGCTGGAAGTGAGGATGCCGCCCCGGACAGTGGCACC	55644328	TCGGTAGCTTGAAATAAACGCTCCCCTCAGACACCCGCTGGGTTCTCTGATGTTATTATGGTTGAGATGCAGCTGGTCTCTCCTGGTTAATTGACTTCTTATTACCAACAAGTTACTTGAAAGAGTGTCACCAATAATCAT
TNNT1	chr19	-	55648471	TGGGTCCCGACACGGCAGTGCTCTGTGGGATGTGGCCCCCAGTTTACTGTTCCGCCTCCCCCACCCTCAGGCAGAACAGAAGCGTGGTAAGCGGCAGACGGGGCGGGAGATGAAGGTGCGCATCCTCTCCGAGCGTAAGAA	55648580	ATGAAGGTGCGCATCCTCTCCGAGCGTAAGAAGCCTCTGGACATTGACTACATGGGGGAGGAACAGCTCCGGTAGGTGCTGTGGGGGGCTCGGGGTGTAGGGGCCTGGGTGTGAGACAGGGGGATAAAGGAGCTCACACCC
TNNT1	chr19	-	55658494	acacccaggagtctaggtcgccccctcctTGGGGCCCCACCCCACTGGGCCTCTTCTCTCTGGTCCTTAGGCCGCACCAGGATGTCGGACACCGAGGAGCAGGAATATGAGGAGTGAGTGCTGCACTGGGAGGGGTTGGGG	55658536	CACTGGGCCTCTTCTCTCTGGTCCTTAGGCCGCACCAGGATGTCGGACACCGAGGAGCAGGAATATGAGGAGTGAGTGCTGCACTGGGAGGGGTTGGGGCGTGCAGTGGTGGAGAGGCTCTCCCACCCCAGGTCTAACTCT
TNNT1	chr19	-	55653225	acaTCCCGGAGGTGGGAGGTGGCTCAGGGAGGTCGGGCCACTCATGGTCTCTGTGTTTCTGTCCACTCAGCCGCCCCGTGGTGCCTCCTTTGATCCCGCCAAAGATCCCAGAAGGGGAGCGCGTTGACTTCGATGTAAGTG	55653288	CACTCAGCCGCCCCGTGGTGCCTCCTTTGATCCCGCCAAAGATCCCAGAAGGGGAGCGCGTTGACTTCGATGTAAGTGACAAGAGACCCCTCCGcaggcgcagttgctagtctttaaggggcctttgtgtcaatcatgaaa
TNNT1	chr19	-	55660529	TCCCAGGCTTGTGTTTGAGCAAAGGAATTCTCTCCCCCTCCCTCTCCCCTCGGGGCGGGCCCGAGCCTCCAGCTATAAACTCCCCGGAGCTTCAGTGCCCTCAGCAAGGCTCAGCCTCAAGATTCACAGCATCTCAGACAC	55660606	AACTCCCCGGAGCTTCAGTGCCCTCAGCAAGGCTCAGCCTCAAGATTCACAGCATCTCAGACACAGCCTAGGTAAGGGGCTCTGCGGAGCCCTGTGGTCTTCAAAAACCATGTCCTTGGGGGAGGGGGCAGGAGGCAGGTG
TNNT1	chr19	-	55649329	CCACATCCCAGGGCCCTCCTCCCTCAGTCCTACAGGGGAGTCCATGAGGTTAACCCCTTACTTCCCACAGGAGGAGAAGATGAGGAAGGAAGAGGAAGAGGCCAAGAAGCGGGCAGAGGATGATGCCAAGAAAAAGAAGGT	55649442	CAGAGGATGATGCCAAGAAAAAGAAGGTGCTGTCCAACATGGGGGCCCATTTTGGCGGCTACCTGGTCAAGGTGAGTCAGCCTGCAggagcctgaggtctgagttctgagggggcaggggctgggggccagacctctggtt
TNNT1	chr19	-	55658376	GTGGTGGAGAGGCTCTCCCACCCCAGGTCTAACTCTCCCCTCCCTCCTCTCTCCCCACACCCGTCCGCAGGGAGCAGCCGGAAGGTGAGTAGGGAGTGGGCCGGCCCTATGGGATGGGGACACGCCCAGGAGCTCTTGGGA	55658389	TCTCCCACCCCAGGTCTAACTCTCCCCTCCCTCCTCTCTCCCCACACCCGTCCGCAGGGAGCAGCCGGAAGGTGAGTAGGGAGTGGGCCGGCCCTATGGGATGGGGACACGCCCAGGAGCTCTTGGGAGGGGAGGCGAGGA
SGCE	chr7	-	94232602	TTAAGGTGGATTGTTTTTTAGTGTTTTCAATTTTCTTAAAGGATAACCTGAGAGTTTCACATTTTTACAGCGTTTATGTCATGGTTGGTGCAGATGTCCCGTTTTCTTCTTGTTTACGAGAAGTTGAAAATCCACAGAATC	94232764	TGGAGCCTGTAATAACATGTGATAAAAAATTTCGTACTCAATTTTACATTGACTGGTGCAAAATTTCATTGGTAAGTTTTTATTTTGTTTTTGCAAGTTTAGTTAAAAATAATGTGGCTGGAGTTAACGTTTGACTAAAAC
SGCE	chr7	-	94257514	GATTGAAACTACCAAAGCAACATGTGTGAAAATAACTGTCTTATGTCTTAATTCTCTGTTTCTTATCTAGGCGAGATTAGTAATGATCCCATAACATTTAATACAAATTTAATGGGTTACCCAGACCGACCTGGATGGCTT	94257671	CACCATATAGTGATGGAGTCCTATATGGGTCCCCAACAGCTGAAAATGTGGGGAAGCCAACAATCATTGAGGTAATTTACACCTAGAAAGAGCAAAACTATACATATAtgtgtgtgtgtgtgtgtgtgtgtgtgtATTGTA
SGCE	chr7	-	94228087	TTCAAATTGATGACCCATCAGGCTAATATATGATTTTAAATATATGTTGTTTTATTTCTTTTTGACCTAGCATCCAACTGGTCCATCACAGTGCTATTCAGAAATCTACCAAGGAGCTTCGAGACATGTCCAAGAATAGAG	94228275	GGGGAAATCATACCTCCTTTACACACAGACAACTATGATAGCACAAACATGCCATTGATGCAAACGCAGCAGTAAGTGTCCACTTAGAGCCATAATTATTAATATGCATGTATATTTTTACTAATATCTGTAAAGAACAGA
SGCE	chr7	-	94259031	TAAGCTGAATTATCAAGGGCGTATCTCATTATTTGTCTTTCTGTCACTTATCTTTCCTCTTTGTTTTCAGTGTACAGTATTTTCTCCAAGGTACACTCCGATCGGAATGTATACCCATCAGCAGGTGTCCTCTTTGTTCAT	94259153	AGGTGTCCTCTTTGTTCATGTTTTGGAAAGAGAATATTTTAAGGGGGAATTTCCACCTTACCCAAAACCTGGTATGTTCTTTGTGAGGAAAAAAAAGCAGTTAACGTACTAAATTTTTTGTTTAATTTGCATAATATAGAC
SGCE	chr7	-	94248070	TTGTTCTTTTGTTTCCTTTTTAAAAGACTACTTCATTAAAGATATGCATGCCCTTTTTCACCAAAATTAGACTTCCCGTTGCCATATCAAGCAGAATTCTTCATTAAGAATATGAATGTAGAAGAAATGTTGGCCAGTGAG	94248268	GCCATAAACATCACATCGGCCCTAGACAGGGGTGGCAGGGTGCCACTTCCCATTAATGACCTGAAGGAGGGGTAAGCAGATCTTTATCTCATTGCCTTAAATATAGATTTTTAAATACGGTGATCTTATCAAACTTATTAT
SGCE	chr7	-	94229958	ATCCAGATCTTAAAATCTCATAATGTTTGCAACGATTAATTTGTTGTGTAATTGTCTTCTTTTATATCAGGTTGATAAAACAAAGCAAGTGTCCACCTATCAGGAAGTGATTCGTGGAGAGGGGATTTTACCTGATGGTGG	94230169	GTGCCCTCGGCAGTGGCACTGGTCCTTTTTCTAATACTTGCTTATATCATGTGCTGCCGACGGGAAGGCGTGTGAGTACTTTAAAACTAATAAGATAATTAGAGATCCTGCTAAGATAACAACATAGAAGATTCCATTAAA
SGCE	chr7	-	94214536	CTTTGCTCAAAATCTAAAAGTATCCATGCCCTGACTAACTCCTGCCCATATTCATTCTTACACATTGCAGGTAAATGGTATCCCTGAAGAAAGAAAACTGACTGAAGCAATGAATTTATAATCAGACAATATAGCAGTTAC	94214827	AAACATTGATGACTTTATATTTGTTACAATAAAAGTTGATCtttaaaataaatattattaatGAAGCCTAATGACTGGTGAAATTTACTTCAGTAAACTATTTGCTTCCTATTTAGTAGAAATCTTTTAATCGCTAGAAAC
SGCE	chr7	-	94218001	TAGTATGTCTGCTCTCTGTTTACAAGTGTGTAAACAAACAGTTTTACTCAAAAATGTTCATCATTTCTAGGAACTTGCCACATCAGACTCAGATTCCCCAACAGCAGACTACAGGTGAGTGCTAAGAATAATAAATTAATG	94218044	TTACTCAAAAATGTTCATCATTTCTAGGAACTTGCCACATCAGACTCAGATTCCCCAACAGCAGACTACAGGTGAGTGCTAAGAATAATAAATTAATGTTTATGAATGAATCTAATAGATTAAAAGATAATTATGGCACTA
SGCE	chr7	-	94285302	ggggtgcggggatgggggatgggggtgggggcggTGGCCACGCTGCAGTGGCCCGCCGCTAGAGGGAGTACGGGATTACCGAGGGGGTGCGGGATGCTGATGCTGAACTGGCCAAGCTGGGAGGGAAGAAGAAAGGGAGGG	94285521	TGCTTGGACGGGACAGGGTCGGGGGACACGCAGGATGAGCCCCGCGACCACTGGCACATTCTTGCTGACAGGTTAGTGGCCTGCGCGCGACGTGGAGGTCCCGGGGCCAACAGGCCGCCGCCTCCCCCTCCCCCGCTCGGG
SGCE	chr7	-	94252637	TTAATCCTTAATGAATTTCATTTTACAAAGAACATTTCACTTCTTTAATATGGTTTTCCTTTTATAATAGATAACTGCCTACAACAGGCGCACCTTTGAGACTGCAAGGCATAATTTGATAATTAATATAATGTCTGCAGA	94252709	AACTGCCTACAACAGGCGCACCTTTGAGACTGCAAGGCATAATTTGATAATTAATATAATGTCTGCAGAAGGTAGGTATGAAAATATGTTGATCATTTCTTATTTATAAGAAGTATTTCATTATGTTTTATAACTACATAA
PLA2G6	chr22	-	38516766	TGCAGGCTGTTCTACGGGAGCCCTGCGTGTGGCCGCTGCATCTCCCCGCCTCTGACCCCTTTGTTCCTAGGTAAGTCCATGGCCTACATGCGCGGCATGTACTTTCGCATGAAGGATGAGGTGTTCCGGGGCTCCAGGCCC	38516916	GGGCCCCTGGAGGAGTTCCTGAAGCGGGAGTTTGGGGAGCACACCAAGATGACGGACGTCAGGAAACCCAAGTAAGCCCTGGCGCACTGGGGCCGTGGCCGCAGCTGTGCCCACTGTGGCTGTTCCCTGGGGACAGAGGGC
PLA2G6	chr22	-	38507502	TGGTCCTAGCTGGCGTCCCCTGCCCAGCCTGAGCATCCTAGGGTGACCCCCTCCTCCCTGGCCCGAACAGATTGAACCCCCAGCTGGGGACGGACATCATGCTGGATGAGGTCAGTGACACAGTGCTGGTCAACGCCCTCT	38508312	GGGAGTTTCTTCTTCCCAATGGAAGTGGCTTAAGAGCCAAAACTGAAATAAATCATTTGGATTCAAGTTCACCTGTGTTGTGTGTGCAGTGGTGTGAGATCCACCTGTTCCCCTGACCCCCGGCTCCCCTCGGCCTTGACC
PLA2G6	chr22	-	38541445	CAGCAGGGATGTGGGCCGAGGGTCCCGCCTTACTCATTTCGGGTCTTGCTCCTCTGTCCTGGCTCTACAGACTCTTCCAGCTGGAGTTGGAGGCTGACGCCCTAGTGAATTTCCATCAGTATTCTTCCCAGCTGCTACCCT	38541660	AGCTGGTCAGTGGCCCACCTGGCTGTGGAGCTAGGGATCCGCGAGTGCTTCCATCACAGCCGTATCATCAGGTGAGCAAGGGAACAAGACCATTTGGACAACGTGTGTGTACCTGCTTGTGTGGGCAGTGGGGGCCGCAGG
PLA2G6	chr22	-	38528838	TGCCCACGTGTCCCGGGGTGCGGCAGCTCCCCGAGTGCCTGTGCTAACTCAGCCTGACCGTCTCCCGCAGATGGCCCGCATGCTGCTGAAACGGGGCTGCAACGTGAACAGCACCAGCTCCGCGGGGAACACGGCCCTGCA	38529020	TGCTGACCCACGGGGCCAACGCGGATGCCCGCGGAGAGCACGGCAACACCCCGCTGCACCTGGCCATGTCGGTGAGCCCAGGACCGCGTGTCCTGCCCTGTGGGGCCCCGGTGGGAATGCAGGAGGGCTGTCCGGActgga
PLA2G6	chr22	-	38522378	TAGGGACCTCTGGGGTAGCAGGGCTTGGGGACCCACCTGACCACAGCATGCCCTGCTCTGTGCCTCACAGAACTACAGGATCTCATGCACATCTCACGGGCCCGGAAGCCAGCGTTCATCCTGGGCTCCATGAGGGACGAG	38522456	GATCTCATGCACATCTCACGGGCCCGGAAGCCAGCGTTCATCCTGGGCTCCATGAGGGACGAGAAGCGGACGTAAGTGGATCGAGATCGGGGGCAGAGCGGGGAACGTGTGCGCTTTCCTGCCCCTCACCCACCCCCTGTT
PLA2G6	chr22	-	38508511	ggcagggccgggcggggtgcgggccgggcggggtgtggGCCCGGCACTCACCAAGGCTGCTTCTCACCAGTGCACGGATCCAGACGGGCGGGCTGTGGACCGGGCACGGGCCTGGTGCGAGATGGTCGGCATCCAGTACTT	38508584	ACGGATCCAGACGGGCGGGCTGTGGACCGGGCACGGGCCTGGTGCGAGATGGTCGGCATCCAGTACTTCAGGTGAGGGCTCAGCCGCCCCAGCCCTTGGCCCCGTGCCCTGGCGTGGTCGGACTCACCGACCTTCCCCTCC
PLA2G6	chr22	-	38525461	CAGCCAGGGGCCCCTTTGTTCTTCACTTCCCCGGCAGTTGCACGTCTTATCCTCTCTCCATCTCCAACAGAAAGACAACGTGGAGATGATCAAGGCCCTCATCGTGTTCGGAGCAGAAGTGGACACCCCGAATGACTTTGG	38525569	CGGAGCAGAAGTGGACACCCCGAATGACTTTGGGGAGACTCCTACATTCCTAGCCTCCAAAATCGGCAGACGTATGTGCTCTGCACTCTGGGGCTGGAGTGGGGTGAGGGTTGGGTGGATACAGGGACCGAGGAGGAGGGA
PLA2G6	chr22	-	38509494	TTGACGCTCCCCTTCGTGCCCCCTACCTGTGGAAGGTCTCTTCTGACTGCCCCTGTCCTGTTCCCAACAGGGTCAGGCCAACAAGGTGAAGAAACTCTCCATCGTTGTCTCCCTGGGGACAGGGAGGTCCCCACAAGTGCC	38509661	CCAGCAACCCCTGGGAGCTGGCCAAGACTGTTTTTGGGGCCAAGGAACTGGGCAAGATGGTGGTGGACTGTGTGAGTGTGGGCCCCTCCCCCAGGCCACTTCCCTCAGGGTCTGTAGCCCAGGTCGATGGCTTCCCCTCAT
PLA2G6	chr22	-	38565225	AACCGCTGCACTGGGTGAGATGGGCATGGGAGACTGTGCCTGGCTGACCAGAGACCTCGTTTTCTTCCAGACAGAGGGGGAAGACGGTGGGGCCTCCCCACCTGCCCCGCAGAAGATGCAGTTCTTTGGCCGCCTGGTCAA	38565478	TTCCAGAACACTCCCAACCGCACCTGGGACTGCGTCCTGGTCAACCCCAGGAACTCACAGAGTGGATTCCGGTGGGTGATGCTCAGCGGGAACATACTTCTCTCCTTTCACTCCCCCACGTCTCGGATTGGAGGTCTTATT
PLA2G6	chr22	-	38511534	GAGATCTGGAGTGCATGGGTTTTATGCCAGTCCCTTGTGCCACTGGGCCGCCCTCCTTCCCCGCCCCTAGACCAGCTGGTGTGGCGGGCGGCCCGAAGCAGCGGGGCAGCTCCTACTTACTTCCGACCCAATGGGCGCTTC	38511688	TGCTGGCCAACAACCCCACGCTGGATGCCATGACCGAGATCCATGAGTACAATCAGGACCTGATCCGCAAGGTGAGTGCCGTAGGCCAGAGGGCCTGGACCCACTGCTCCCTGGAGCCAATCCTGTGTCAGCAAACCATGC
PLA2G6	chr22	-	38519102	TATGAGGGTGGATGTAAAGTACTGGGCTGTGGCAGGACCCTCCTCTCTCCCACTGCTGTTCCCACTGCAGCCACGACCACCTGCTGTGCCTGGATGGAGGAGGAGTGAAAGGCCTCATCATCATCCAGCTCCTCATCGCCA	38519265	CACCAAGGACCTGTTTGACTGGGTGGCGGGCACCAGCACTGGAGGCATCCTGGCCCTGGCCATTCTGCACAGTGAGGGCGGCCCCTGGGGATGGGGCCAGGCGGGGCTGAGACCTGTGTCCTCAAGGGGCCGAGTTTGTCT
PLA2G6	chr22	-	38539112	TGCACTTAGGTCCCCCTGCCACCTTGTACCACACCTGCTCACCTCTGCTCACCCTGGCCCTCTCCTGCAGCTGTGCCAATTGCGCGGAGAACGAGGAGGGCTGCACACCCCTGCACCTGGCCTGCCGCAAGGGTGATGGGG	38539295	ATGTCACCGACTACAAGGGAGAGACCGTCTTCCATTATGCTGTCCAGGGTGACAATTCTCAGGTGCTGCAGGTGAGCAGGGGGAGGGGCAGGGTGACTGGTACTGATACCTCCCGGTGTCCACGGTTCCCTTTGGGCCCCT
PLA2G6	chr22	-	38512082	TGAATTGTGGGGAAAGGGAAAGGTGGATGGGCGGGTGGCTCAGCCGTCCTCCTGCCTCATTTCTCTCCAGGGTGATGCTGACAGGGACACTGTCTGACCGGCAGCCGGCTGAACTCCACCTCTTCCGGAACTACGATGCTC	38512218	TGCTCCAGAAACTGTCCGGGAGCCTCGTTTCAACCAGAACGTTAACCTCAGGCCTCCAGCTCAGCCCTCAGGTTTAAACCATGTTTGATGCATCCATGGGAAGCGACTGGCCCGAGAGGCTGTGGGGTGGTGGGTGGGAGT
PLA2G6	chr22	-	38535989	cactgcgcccggccTCTTTACGTTCTTATCAGCATCCTATGGAGTCAAACTTCCCTTCCTCTTTCATCAGCTCCTTGGAAGGAACGCAGTGGCTGGCCTGAACCAGGTGAATAACCAAGGGCTGACCCCGCTGCACCTGGC	38536176	AATGCTCGGTGCAACATCATGGGCCCCAACGGCTACCCCATCCACTCGGCCATGAAGTTCTCTCAGAAGGGGTAAGACCTCCTCCCCTCCCCATCTGCTGGCCTGCTGGGCTCCAGCTCTCCTGTCACCTGTCCCGTGCCT
PLA2G6	chr22	-	38530995	AGTCCTGGCTTCATCCCACGCCACGCAGACCCTAGCTTCTGCTCACCAACCGGGGCCCCTCTCTCACCAGGTGTGCGGAGATGATCATCAGCATGGACAGCAGCCAGATCCACAGCAAAGACCCCCGTTACGGAGCCAGCC	38531091	ACAGCAGCCAGATCCACAGCAAAGACCCCCGTTACGGAGCCAGCCCCCTCCACTGGGCCAAGAACGCAGAGGTGAGTGGATCCTGAGGTGGGTGGGTGGGGCAGGGGGCCGGGCCCCGCAGGTCCTCAGGGCCCTCAGGAA
CAPN3	chr15	+	42702129	AAATGGGGGTGGGGTGGGTGGGGAGTCCCGTTGTCTCAAAGCAGCTCCTCACTCTTCTCCATCCCCCCAGACAAGGACCTGAAGACACACGGGTTCACACTGGAGTCCTGCCGTAGCATGATTGCGCTCATGGATGTATCC	42702193	CCCCAGACAAGGACCTGAAGACACACGGGTTCACACTGGAGTCCTGCCGTAGCATGATTGCGCTCATGGATGTATCCTTCCTGCCGCCCCTTCCCGACCCTCTGTCATCAGCCCACGGGGGCCAAGGCAACATACAGGGTG
CAPN3	chr15	+	42701985	TTTTGCAAAGTGTCCGCGCCAGGAGCTGCTGTACTCCTGAACCATGACCCTCCTCTCCCTTCCTCCTCAGGACATGGAGATCTGTGCAGATGAGCTCAAGAAGGTCCTTAACACAGTCGTGAACAAACGTGAGTTGCTCAA	42702042	CCTTCCTCCTCAGGACATGGAGATCTGTGCAGATGAGCTCAAGAAGGTCCTTAACACAGTCGTGAACAAACGTGAGTTGCTCAAACCAAATGGGGGTGGGGTGGGTGGGGAGTCCCGTTGTCTCAAAGCAGCTCCTCACTC
CAPN3	chr15	+	42703945	GATTCCTAGGGCGGGGGGGGGGGGGGTCACTCTTTTCTGATCTACATTCTGATCTTGGGACTTCTTTCAGTGGCTGCAGCTCACCATGTATGCCTGAACCAGGCTGGCCTCATCCAAAGCCATGCAGGATCACTCAGGATT	42704515	CTGTCCAACTCATAAGTTTGGCTGCATTTTGAAAAAAGCTGATCTAAATAAAGGCATGTGTATGGCTGGTCCCCTTGTGTTTTGTTGTCTCACATTTAGATATCAGCCATGCATGACTGAATGGCTTCCAATCATATACTC
CAPN3	chr15	+	42701501	AGAGGAGCTTGCCTCACAGGCCTGTGCACCTCTGACCCCTGTGAACCAGTTTTCCTTTGTGCCTCCACAGCCACAGCCTGGCAGCTCTGATCAGGAAAGTGAGGAACAGCAACAATTCCGGAACATTTTCAAGCAGATAGC	42701578	CTGGCAGCTCTGATCAGGAAAGTGAGGAACAGCAACAATTCCGGAACATTTTCAAGCAGATAGCAGGAGATGTGAGTACCTCCAAGCCCAGGACGCCCACAGGTGCTTCCTTCTCTCCTGGATTAACTGCTCAGATTACCA
CAPN3	chr15	+	42702626	TCCTAGACCCTCCCTCCAAATCCAGGGGGATTTTGCTGTGTGCTGTGTAGCCCTGACCTCCCTCCTCCAGACAGATGGCTCTGGAAAGCTCAACCTGCAGGAGTTCCACCACCTCTGGAACAAGATTAAGGCCTGGCAGGT	42702694	AGACAGATGGCTCTGGAAAGCTCAACCTGCAGGAGTTCCACCACCTCTGGAACAAGATTAAGGCCTGGCAGGTGGGAAGAGAAAATGAAGCGTGGGAGTCAAGAATGGGGTTGATTTGGAGATTCAGTGTGTGACCTCCAT
CAPN3	chr15	+	42703485	GAGGGGAAGTTACAGTAGTAGAGGCGGAGTGCGCCTGTAACTGGCCTCTGGCCTGTGCATTCTTTCACAGGAGCTTTTCATGCATTTGACAAGGATGGAGATGGTATCATCAAGCTCAACGTTCTGGAGGTAAAGCATAGG	42703543	ATTCTTTCACAGGAGCTTTTCATGCATTTGACAAGGATGGAGATGGTATCATCAAGCTCAACGTTCTGGAGGTAAAGCATAGGCACAGCACATTCCCCCTACACATTAAAACTCAAGGTGGAGGGGTCAACGGGGCGGACT
CAPN3	chr15	+	42703082	GCAGGGAAAATAGAAGGCAGGCCCAAGGCCTCCAGCTCCACGTCCACCTCTAACATGGTCCCCTCCACAGGATTCCACCTCAACAACCAGCTCTATGACATCATTACCATGCGGTACGCAGACAAACACATGAACATCGAC	42703198	CGCAGACAAACACATGAACATCGACTTTGACAGTTTCATCTGCTGCTTCGTTAGGCTGGAGGGCATGTTCAGTAAGTGGGAGAGGGGGGCTGCCCTCTGCTCTCTTGCAGGGGCAGTTGTGGCAACAGGCATCTCACCTGA
CAPN3	chr15	+	42702786	TGGGAGTCAAGAATGGGGTTGATTTGGAGATTCAGTGTGTGACCTCCATCCTCAAATTTTCTATTGCCAGAAAATTTTCAAACACTATGACACAGACCAGTCCGGCACCATCAACAGCTACGAGATGCGAAATGCAGTCAA	42702864	CAAACACTATGACACAGACCAGTCCGGCACCATCAACAGCTACGAGATGCGAAATGCAGTCAACGACGCAGGTGCTGAGAAGGAAGGGGTGGCAGGGATGTGGACCCGAGACGGTGGGAGCAGGAATGGGAGGGGACTAGG
BRCA1	chr17	-	41209069	TCTGCTCCACTTCCATTGAAGGAAGCTTCTCTTTCTCTTATCCTGATGGGTTGTGTTTGGTTTCTTTCAGCATGATTTTGAAGTCAGAGGAGATGTGGTCAATGGAAGAAACCACCAAGGTCCAAAGCGAGCAAGAGAATC	41209152	TCAGAGGAGATGTGGTCAATGGAAGAAACCACCAAGGTCCAAAGCGAGCAAGAGAATCCCAGGACAGAAAGGTAAAGCTCCCTCCCTCAAGTTGACAAAAATCTCACCCCACCACTCTGTATTCCACTCCCCTTTGCAGAG
BRCA1	chr17	-	41222945	TAACAGAGACCAGAACTTTGTAATTCAACATTCATCGTTGTGTAAATTAAACTTCTCCCATTCCTTTCAGAGGGAACCCCTTACCTGGAATCTGGAATCAGCCTCTTCTCTGATGACCCTGAATCTGATCCTTCTGAAGAC	41223255	TGACAGCTTCAACAGAAAGGGTCAACAAAAGAATGTCCATGGTGGTGTCTGGCCTGACCCCAGAAGAATTTGTGAGTGTATCCATATGTATCTCCCTAATGACTAAGACTTAACAACATTCTGGAAAGAGTTTTATGTAGG
BRCA1	chr17	-	41251792	GTTTCTCTTCAGGAGGAAAAGCACAGAACTGGCCAACAATTGCTTGACTGTTCTTTACCATACTGTTTAGCAGGAAACCAGTCTCAGTGTCCAACTCTCTAACCTTGGAACTGTGAGAACTCTGAGGACAAAGCAGCGGAT	41251897	TGGAACTGTGAGAACTCTGAGGACAAAGCAGCGGATACAACCTCAAAAGACGTCTGTCTACATTGAATTGGGTAAGGGTCTCAGGTTTTTTAAGTATTTAATAATAATTGCTGGATTCCTTATCTTATAGTTTTGCCAAAA
BRCA1	chr17	-	41199660	aatgatgaagtgacagttccagtagtcctaCTTTGACACTTTGAATGCTCTTTCCTTCCTGGGGATCCAGGGTGTCCACCCAATTGTGGTTGTGCAGCCAGATGCCTGGACAGAGGACAATGGCTTCCATGGTAAGGTGCC	41199720	GGGGATCCAGGGTGTCCACCCAATTGTGGTTGTGCAGCCAGATGCCTGGACAGAGGACAATGGCTTCCATGGTAAGGTGCCTGCATGTACCTGTGCTATATGGGGTCcttttgcatgggtttggtttatcactcattacct
BRCA1	chr17	-	41256885	TCTTATTTTAGTGTCCTTAAAAGGTTGATAATCACTTGCTGAGTGTGTTTCTCAAACAATTTAATTTCAGGAGCCTACAAGAAAGTACGAGATTTAGTCAACTTGTTGAAGAGCTATTGAAAATCATTTGTGCTTTTCAGC	41256973	GAGATTTAGTCAACTTGTTGAAGAGCTATTGAAAATCATTTGTGCTTTTCAGCTTGACACAGGTTTGGAGTGTAAGTGTTGAATATCCCAAGAATGACACTCAAGTGCTGTCCATGAAAACTCAGGAAGTTTGCACAATTA
BRCA1	chr17	-	41234421	ATATATTTTCATTTAATGGAAAGCTTCTCAAAGTATTTCATTTTCTTGGTGCCATTTATCGTTTTTGAAGCAGAGGGATACCATGCAACATAACCTGATAAAGCTCCAGCAGGAAATGGCTGAACTAGAAGCTGTGTTAGA	41234592	CCCTTCCATCATAAGTGACTCTTCTGCCCTTGAGGACCTGCGAAATCCAGAACAAAGCACATCAGAAAAAGGTGTGTATTGTTGGCCAAACACTGATATCTTAAGCAAAATTCTTTCCTTCCCCTTTATCTCCTTCTGAAG
BRCA1	chr17	-	41256139	GGTTTCTTTGATTATAATTCATACATTTTTCTCTAACTGCAAACATAATGTTTTCCCTTGTATTTTACAGATGCAAACAGCTATAATTTTGCAAAAAAGGAAAATAACTCTCCTGAACATCTAAAAGATGAAGTTTCTATC	41256278	TCATCCAAAGTATGGGCTACAGAAACCGTGCCAAAAGACTTCTACAGAGTGAACCCGAAAATCCTTCCTTGGTAAAACCATTTGTTttcttcttcttcttcttcttcttttcttTtttttttcttttttttttttgagatg
BRCA1	chr17	-	41215891	AGCTTCTTAGGACAGCACTTCCTGATTTTGTTTTCAACTTCTAATCCTTTGAGTGTTTTTCATTCTGCAGATGCTGAGTTTGTGTGTGAACGGACACTGAAATATTTTCTAGGAATTGCGGGAGGAAAATGGGTAGTTAGC	41215968	GTTTGTGTGTGAACGGACACTGAAATATTTTCTAGGAATTGCGGGAGGAAAATGGGTAGTTAGCTATTTCTGTAAGTATAATACTATTTCTCCCCTCCTCCCTTTAACACCTCAGAATTGCATTTTTACACCTAACGTTTA
BRCA1	chr17	-	41242961	AAAAAGACACAGCAAGTTGCAGCGTTTATAGTCTGCTTTTACATCTGAACCTCTGTTTTTGTTATTTAAGGTGAAGCAGCATCTGGGTGTGAGAGTGAAACAAGCGTCTCTGAAGACTGCTCAGGGCTATCCTCTCAGAGT	41243049	GTGAGAGTGAAACAAGCGTCTCTGAAGACTGCTCAGGGCTATCCTCTCAGAGTGACATTTTAACCACTCAGGTAAAAAGCGTGTGTGTGTGTGCACATGCGTGTGTGTGGTGTCCTTTGCATTCAGTAGTATGTATCCCAC
BRCA1	chr17	-	41249261	AGTACATTTTTTTAACCCTTTTAATTAAGAAAACTTTTATTGATTTATTTTTTGGGGGGAAATTTTTTAGGATCTGATTCTTCTGAAGATACCGTTAATAAGGCAACTTATTGCAGGTGAGTCAAAGAGAACCTTTGTCTA	41249306	TATTTTTTGGGGGGAAATTTTTTAGGATCTGATTCTTCTGAAGATACCGTTAATAAGGCAACTTATTGCAGGTGAGTCAAAGAGAACCTTTGTCTATGAAGCTGGTATTTTCCTATTTAGTTAATATTAAGGATTGATGTT
BRCA1	chr17	-	41276034	ATAAAATGAAGTTGTCATTTTATAAACCTTTTAAAAAGATATATATATATGTTTTTCTAATGTGTTAAAGTTCATTGGAACAGAAAGAAATGGATTTATCTGCTCTTCGCGTTGAAGAAGTACAAAATGTCATTAATGCTA	41276132	TCTGCTCTTCGCGTTGAAGAAGTACAAAATGTCATTAATGCTATGCAGAAAATCTTAGAGTGTCCCATCTGGTAAGTCAGCACAAGAGTGTATTAATTTGGGATTCCTATGATTATCTCCTATGCAAATGAACAGAATTGA
BRCA1	chr17	-	41226348	TGCCCAGCAAGTATGATTTGTCCTTTCACAATTGGTGGCGATGGTTTTCTCCTTCCATTTATCTTTCTAGGTCATCCCCTTCTAAATGCCCATCATTAGATGATAGGTGGTACATGCACAGTTGCTCTGGGAGTCTTCAGA	41226538	GGAGCAACAGCTGGAAGAGTCTGGGCCACACGATTTGACGGAAACATCTTACTTGCCAAGGCAAGATCTAGGTAATATTTCATCTGCTGTATTGGAACAAACACTTTGATTTTACTCTGAATCCTACATAAAGATATTCTG
BRCA1	chr17	-	41247863	CTTGGTCATTTGACAGTTCTGCATACATGTAACTAGTGTTTCTTATTAGGACTCTGTCTTTTCCCTATAGTGTGGGAGATCAAGAATTGTTACAAATCACCCCTCAAGGAACCAGGGATGAAATCAGTTTGGATTCTGCAA	41247939	AGATCAAGAATTGTTACAAATCACCCCTCAAGGAACCAGGGATGAAATCAGTTTGGATTCTGCAAAAAAGGGTAATGGCAAAGTTTGCCAACTTAACAGGCACTGAAAAGAGAGTGGGTAGATACAGTACTGTAATTAGAT
BRCA1	chr17	-	41196312	GTCGATTGATTAGAGCCTAGTCCAGGAGAATGAATTGACACTAATCTCTGCTTGTGTTCTCTGTCTCCAGCAATTGGGCAGATGTGTGAGGCACCTGTGGTGACCCGAGAGTGGGTGTTGGACAGTGTAGCACTCTACCAG	41197819	ATTGTACAAAATACGTTTTGTAAATGTTGTGCTGTTAACACTGCAAATAAACTTGGTAGCAAACACTTCCACCATGAATGACTGTTCTTGAGACTTAGGCCAGCCGACTTTCTCAGAGCCTTTtcactgtgcttcagtctc
BRCA1	chr17	-	41258473	TTGCCTTTTGAGTATTCTTTCTACAAAAGGAAGTAAATTAAATTGTTCTTTCTTTCTTTATAATTTATAGATTTTGCATGCTGAAACTTCTCAACCAGAAGAAAGGGCCTTCACAGTGTCCTTTATGTAAGAATGATATAA	41258550	ATGCTGAAACTTCTCAACCAGAAGAAAGGGCCTTCACAGTGTCCTTTATGTAAGAATGATATAACCAAAAGGTATATAATTTGGTAATGATGCTAGGTTGGAAGCAACCACAGTAGGAAAAAGTAGAAATTATTTAATAAC
BRCA1	chr17	-	41203080	AATATTCTTTTATAACTAGATTTTCCTTCTCTCCATTCCCCTGTCCCTCTCTCTTCCTCTCTTCTTCCAGATCTTCAGGGGGCTAGAAATCTGTTGCTATGGGCCCTTCACCAACATGCCCACAGGTAAGAGCCTGGGAGA	41203134	TCCTCTCTTCTTCCAGATCTTCAGGGGGCTAGAAATCTGTTGCTATGGGCCCTTCACCAACATGCCCACAGGTAAGAGCCTGGGAGAACCCCAGAGTTCCAGCACCAGCCTTTGTCTTACATAGTGGAGTATTATAAGCAA
BRCA1	chr17	-	41219625	ggAATAACTAGTATTCTGAGCTGTGTGCTAGAGGTAACTCATGATAATGGAATATTTGATTTAATTTCAGATGCTCGTGTACAAGTTTGCCAGAAAACACCACATCACTTTAACTAATCTAATTACTGAAGAGACTACTCA	41219712	TGCCAGAAAACACCACATCACTTTAACTAATCTAATTACTGAAGAGACTACTCATGTTGTTATGAAAACAGGTATACCAAGAACCTTTACAGAATACCTTGCATCTGCTGCATAAAACCACATGAggcgaggcacggtggc
BRCA1	chr17	-	41215350	CCTCTCTATCTCCGTGAAAAGAGCACGTTCTTCTGCTGTATGTAACCTGTCTTTTCTATGATCTCTTTAGGGGTGACCCAGTCTATTAAAGAAAGAAAAATGCTGAATGAGGTAAGTACTTGATGTTACAAACTAACCAGA	41215390	TGTAACCTGTCTTTTCTATGATCTCTTTAGGGGTGACCCAGTCTATTAAAGAAAGAAAAATGCTGAATGAGGTAAGTACTTGATGTTACAAACTAACCAGAGATATTCATTCAGTCATATAGTTAAAAATGTATTTGCTTC
PDHA1	chrX	+	19377607	AGCAGAACTCTAGTTGGTACCTAAGCTGCTGTTCATTCTAAAACCTTTTACACTGTTACCTAATTTTTAGGAAATTGATGTGGAAGTGAGGAAGGAGATTGAGGATGCTGCCCAGTTTGCCACGGCCGATCCTGAGCCACC	19379825	ACTCTTCAAAAGTAACCAGTTGGATTAATAAATGATTCCAGAATGTAAATGTGATGTGAAAAAGAGATGAATTAACCCTGTATCACTGAACCACGCTAATACGTATTACACAATTCATAATTCTGAGATTCACTTTCTAGA
PDHA1	chrX	+	19367430	ATTATTATACTTTCCAAAATAGCTGACAATTAAAAAGTACTGATTTGTTTGTATATTTTTGTCTTTTAAGGCAAGCAGAGTGCTGGTAGCATCCCGTAATTTTGCAAATGATGCTACATTTGAAATTAAGGTAAGAGGTGT	19367489	TGTCTTTTAAGGCAAGCAGAGTGCTGGTAGCATCCCGTAATTTTGCAAATGATGCTACATTTGAAATTAAGGTAAGAGGTGTTTTACTTTGTTAATAATTTTTTCACAGGTACACTCTGATATACAGTTTTACCTTTAGAA
PDHA1	chrX	+	19371200	TTGGGGTGCGGTTTGGTTTGCTTTGTAGAGTTGGTTTGTTCTGCACATGTGTATGTTCTGCCATTTCCAGGACGAAAAGGAGGTTGTGCTAAAGGGAAAGGAGGATCGATGCACATGTATGCCAAGAACTTCTACGGGGGC	19371291	AAGGGAAAGGAGGATCGATGCACATGTATGCCAAGAACTTCTACGGGGGCAATGGCATCGTGGGAGCGCAGGTAGTCAAGGACGAGGATTGTGTGCTGCTTTAGATTTGGCCCTGGACTTTGTCTTCAAAAACTTTCACAG
PDHA1	chrX	+	19373467	AGCAGCTGTTAGAGATGATGAAGCCTGGAGAAAGAAGCCAAATGAAACCCCTTTTCGTAACTACTTCCAGGGCCAGATATTCGAAGCTTACAACATGGCAGCTTTGTGGAAATTACCTTGTATTTTCATCTGTGAGAATAA	19373622	GAACGTCTGTTGAGAGAGCGGCAGCCAGCACTGATTACTACAAGAGAGGCGATTTCATTCCTGGGCTGAGAGTAAGGACACCTGTGGTGGGGCCGGGGCCAAGGCCAAGGCCAAGGGTATGTCCTTGTGCAGACCCTTGAC
PDHA1	chrX	+	19377034	TTTCATCACGCCGTCCTTGCTCTACTGGAACTGCTCTTACTGATCGATTACTACTTTTCCCTCCCCATAGTTACCGTACACGAGAAGAAATTCAGGAAGTAAGAAGTAAGAGTGACCCTATTATGCTTCTCAAGGACAGGA	19377142	AGAGTGACCCTATTATGCTTCTCAAGGACAGGATGGTGAACAGCAATCTTGCCAGTGTGGAAGAACTAAAGGTACAGTCACTTGTTCATGGTGGTTTGAAGGTTGGCTTTAAAAGTTGCCACCCCTGGGTGGCCACAGAGT
PDHA1	chrX	+	19362011	GCAGCCTCAGGCCTTTAGCGGGGGCGGGGCACCCCCTGGACGCCGTTCTGGTTGGCCCGCGGCCCGGCGCAGCGCATGACGTTATTACGACTCTGTCACGCCGCGGTGCGACTGAGGCGTGGCGTCTGCTGGGGCACCTGA	19362212	ACTGCCTGTGCTTCATGAGGAAGATGCTCGCCGCCGTCTCCCGCGTGCTGTCTGGCGCTTCTCAGAAGCCGGTGAGACCTCCCgggcgggccgggatggggcgcgagtggggctgaggcggggccggagggcagggcgggc
PDHA1	chrX	+	19373804	AGGTCATGTGAAAGTAAAATGGTTTGGGGCAGTTGGATTCATGCTTCGCCCCTCCCCTGTTTATTACCAGGTGGATGGAATGGATATCCTGTGCGTCCGAGAGGCAACAAGGTTTGCTGCTGCCTATTGTAGATCTGGGAA	19373875	TGGATGGAATGGATATCCTGTGCGTCCGAGAGGCAACAAGGTTTGCTGCTGCCTATTGTAGATCTGGGAAGGTAAGGCTCTAAAGCCCTCTGGGCTAGTGACATTTATCTCTGGAAGTTCAAAGACTGCCTCCCATGTGCC
PDHA1	chrX	+	19375770	CCGTGGATTGCCGGCCTGTTCTTCCAGTCATCGTTCCTAACTAACTAACTGCCTACCGGTTCTGTTTTAGGGGCCCATCCTGATGGAGCTGCAGACTTACCGTTACCACGGACACAGTATGAGTGACCCTGGAGTCAGGTA	19375837	TAGGGGCCCATCCTGATGGAGCTGCAGACTTACCGTTACCACGGACACAGTATGAGTGACCCTGGAGTCAGGTACGCTCATGGGCAGTGTGGTTTCCATAGGGGTGGGCTTTGAATGGTGTTACATGGCAAAAGCAACACA
PDHA1	chrX	+	19368055	GATCTTAGAGTGGTCAACAGTGTTTGCAATGTAGTATGTGGAGGATAATAACTACCTTATTCCATTTCAGAAATGTGACCTTCACCGGCTGGAAGAAGGCCCTCCTGTCACAACAGTGCTCACCAGGGAGGATGGGCTCAA	19368228	TGGAGTTGAAAGCAGATCAGCTGTATAAACAGAAAATTATTCGTGGTTTCTGTCACTTGTGTGATGGTCAGGTGAGTGGTAGGTTTGTGGTGGAACTGTGTTATTTAGGTACTGAAGTATGGCTTGTACTTATTGGGCTTT
DYSF	chr2	+	71795081	CCCCAGCCTCTCACTGGGACATCCGGATCCTGAAGGGGACTGTGGGTTTCTGTCCTTCTCTGGTACCCAGTATCCGATGGAGAAGGTGCCTGGCGCCCGGATGCCAGTGCAGATACGGGTCAAGCTGTGGTTTGGGCTCTC	71795212	TTGGGCTCTCAGTGGATGAGAAGGAGTTCAACCAGTTTGCTGAGGGGAAGCTGTCTGTCTTTGCTGAAACCGTGAGTACCTGCCAGCCCCCACCTCTGCCTCCCACTACCTGGAGCTGCCTTGGCCCCCTGCTCACGCCTC
DYSF	chr2	+	71797359	ATCTTTTCTGCCTCCCTGCTCACATCTGTCTGTCTCCTCTCATTGCTTGCCTGTTCGGTTTTGTCCTTAGAACGGGGAGAAGGTGCTTCCCAAGGATGACATTGAGTGCCCACTGGGCTGGAAGTGGGAAGATGAGGAATG	71797464	GTGCCCACTGGGCTGGAAGTGGGAAGATGAGGAATGGTCCACAGACCTCAACCGGGCTGTCGATGAGCAAGGTGGGCAGCATGTGGAACCTGGCGAGCCCCATCCCCGGCAAGCTCTCAAGCCATGCTGGTGGGGACGACT
DYSF	chr2	+	71791188	TCACGGTGTGGCTGTGGGGCGTGGGCCTGGTGTGTCACCATCCCCACCCCGACCACCACCCTCTGTTCAGCCCCAGAACAGCCTGCCGGACATCGTCATCTGGATGCTGCAGGGAGACAAGCGTGTGGCATACCAGCGGGT	71791343	TCCTCTTCTCCCGGCGGGGTGCCAACTACTGTGGCAAGAATTGTGGGAAGCTACAGACAATCTTTCTGAAAGTGAGTTTTCTTTTTTCCCAAGTCATGATCGTATTTTTCCCAACATAAGGCCTTTCTCCCATCTCTTCTG
DYSF	chr2	+	71829906	GAGAACTTTTTCCCCTTCCAACCCCTCTCACCATCTCCTGGATGTGCCACATCCCATGGCTGTGGGCCAGGTGCAGGAGACATCAAGGATCCTGGATGAGGTGAGCTGGGCGTGGTGGTTGGGATGGGTGGGCCGAGGTAG	71829935	ACCATCTCCTGGATGTGCCACATCCCATGGCTGTGGGCCAGGTGCAGGAGACATCAAGGATCCTGGATGAGGTGAGCTGGGCGTGGTGGTTGGGATGGGTGGGCCGAGGTAGAGGGAAGGTGAAGCCAGCCTTCAAGCACA
DYSF	chr2	+	71795302	CACCTCTGCCTCCCACTACCTGGAGCTGCCTTGGCCCCCTGCTCACGCCTCATTCTTCCTGGCCCTCCAGTATGAGAACGAGACTAAGTTGGCCCTTGTTGGGAACTGGGGCACAACGGGCCTCACCTACCCCAAGTTTTC	71795468	CCCAAGGACAGCTTCCGCCCCTCGGCCGGCTGGACCTGGGCTGGAGATTGGTTCGTGTGTCCGGAGAAGACGTGAGTCGTGGGCAGGGAGGGCTGGGGAGAGCCAGGCCAGGCTGCCCACCATGGACTGCACCCTCCTTTT
DYSF	chr2	+	71883292	tcctttcctttgctgttgttctactttctttctgtctcttgtcccctcctctAATCCCCATGTGTGGCAGGTCTATGACACACAGCTGGAGAATGTGGAGGCCTTTGAGGGCCTGTCTGACTTTTGTAACACCTTCAAGCT	71883420	ACACCTTCAAGCTGTACCGGGGCAAGACGCAGGAGGAGACAGAAGATCCATCTGTGATTGGTGAATTTAAGGTAAATCCTCGAAGACGTCCCTAACCCAGGTGGGCCTAAGACTGTGGTGTTGGAGCAATAAGTGAAGGGG
DYSF	chr2	+	71886008	gggtggggacacagccaaaccatatcaACAATGATGATAAAAATGAAAATTAACCCTTCCTTCTTTTCAGGGCCTCTTCAAAATTTATCCCCTCCCAGAAGACCCAGCCATCCCCATGCCCCCAAGACAGTTCCACCAGCT	71886163	CCCAGGAGTGCTTGGTCCGTATCTACATTGTCCGAGCATTTGGCCTGCAGCCCAAGGACCCCAATGGAAAGGTAACTTTCCTAGAGCCCTCACCTCCCCCAGAGTAGCAGGCTCAGGTACAAGTGGCCTATAGAACCTGga
DYSF	chr2	+	71828629	GAGTGTCATGAGGGTGATGGGGGCCTTAGGTGACAAGCACATGACCAGAGCTCTCTTTTCTTCACTCCAGCCGGCCATCCACCATATTCCTGGTTTTGAGGTAAGTCTTGCTCTGACCTTTCCTTCTTCAAACTGATTGCC	71828658	GTGACAAGCACATGACCAGAGCTCTCTTTTCTTCACTCCAGCCGGCCATCCACCATATTCCTGGTTTTGAGGTAAGTCTTGCTCTGACCTTTCCTTCTTCAAACTGATTGCCAGTCTCCCTGTGTTTGGCATCTCTCTGGG
DYSF	chr2	+	71901327	GCTGGAAGGGAACACTGCCTCTCTCTAACCTTGCTTCCTTGCATCCTTCTCTGTTCCTCTTCCGGGTCAGGATGCCTTCTGGAGGCTGGACAAGACTGAGAGCAAAATCCCAGCACGAGTGGTGTTCCAGATCTGGGACAA	71901426	GAGCAAAATCCCAGCACGAGTGGTGTTCCAGATCTGGGACAATGACAAGTTCTCCTTTGATGATTTTCTGGGTAAGCGCTATTGCTAGAATCCCATTCTGCACATGGGGGCTGCCCCAGAACCCACACTGTGTGTTTATGC
DYSF	chr2	+	71838375	cttctctcttgtctttttgccttggtcttccttccACCTTTGTCTCCATTCTACCTGCTGTCCACTGCAGTCTGAGGACACAGACCTGCCCTACCCACCACCCCAGAGGGAGGCCAACATCTACATGGTTCCTCAGAACAT	71838476	CCCAGAGGGAGGCCAACATCTACATGGTTCCTCAGAACATCAAGCCAGCGCTCCAGCGTACCGCCATCGAGGTGAGCCGTCCGGGCCTGGGCGTGGGGGCTGGGAGCAGCCTGCCCTTCCCCTTCCTGGCCCCAGCCTTTC
DYSF	chr2	+	71913584	GGGACAGCTGCTCTGGCTGTGCCTGCCCCAGTGGGATCACCATGGGTCCCTGTCTCCTCCCTCCCTCCAGAACTATGCTGCCATGAAGCTGGTGAAGCCCTTCAGCTGAGGACTCTCCTGCCCTGTAGAAGGGGCCGTGGG	71913893	CCTTCTCCCCCAACCCAACGCTTTTTTGGATCAGCTCAGACATATTTCAGTATAAAACAGTTGGAACCACACAGCAGTGTCAGTGTGTGTATCTCTACAGTACCTGAACAGGGAGTGACTGTGAAGGGGGATATGCCTGGG
DYSF	chr2	+	71742753	TTGGGGTGGATGGTGGGTGGTCCTTAACTCTTCCCCCTTCCTCCTGCTCTTTCCTCCTTCTGGCTTTCAGATCAGGGTCCAGGTGATCGAGGGGCGCCAGCTGCCGGGGGTGAACATCAAGCCTGTGGTCAAGGTTACCGC	71742881	TCAAGGTTACCGCTGCAGGGCAGACCAAGCGGACGCGGATCCACAAGGGAAACAGCCCACTCTTCAATGAGGTGGGAGACATGGGGCATGAGGGCCAGAACCTTGGTGGGCCTTCCAATCTGGAAGCCCAGTGCAGACACC
DYSF	chr2	+	71825694	GCTCTGGAGAAGACATCTCTCAGGGTCCCTGCTGTGTCCTGTCTCCCCTCCCCCTCTCCGGCCCATGCAGATCCCTATGCCATCGTCTCCTTCCTGCACCAGAGCCAGAAGACGGTGGTGGTGAAGAACACCCTTAACCCC	71825875	TTGGCGAGCCGGCCACAGTTGCTGAGCAACCGCCCAGCATTGTGGTGGAGCTGTACGACCATGACACTTATGTGAGTCTGCCCAGCTCCTGCCTCGTCCCCTCACAGGGAGGGACCATGTGCAAAGGTGGGGTCTCCAGGG
DYSF	chr2	+	71708013	CTGAGCCTAACTCAGCGGAAGGTGAAAGGCGGGATGTGTCTCTCCATTCTCCCTTTTGTGTCTCTTGTAGGGGTGAAGAAGAGAACCAAAGTCATCAAGAACAGCGTGAACCCTGTATGGAATGAGGTATGTGAGTTTTTC	71708068	TTGTGTCTCTTGTAGGGGTGAAGAAGAGAACCAAAGTCATCAAGAACAGCGTGAACCCTGTATGGAATGAGGTATGTGAGTTTTTCTCCTTCCTTTTCTCTCTGTCTGCTGCAGTTGTGTCTGCAGGGACAAGTTAGGGGG
DYSF	chr2	+	71817341	CCCCCCGAGCCCCAGCTCTTAACCACTCCAGCCACTCACTCTGGCACCTCTGTTTTTTCCCTTGGTGAAGATGGGAACCGCTACCATCTACGCTGCTACATGTACCAGGCCCGGGACCTGGCTGCGATGGACAAGGACTCT	71817418	CCGCTACCATCTACGCTGCTACATGTACCAGGCCCGGGACCTGGCTGCGATGGACAAGGACTCTTTTTCTGGTAGGTGGGAGAGAGGCAGGAGAGTCAGAGACTGTGGGCTGAGATCTGGGAATGGAGACATCTGGCTTTC
DYSF	chr2	+	71762151	CATGTGGCCCCGGGGGAGCCCAGAGTCCCCATGGAGCTTGATCAACTTGTCCCCTCCCTGTGTCTTCTAGCTGTGCAGCAAGATCTTGGAGAAGACGGCCAACCCTCAGTGGAACCAGAACATCACACTGCCTGCCATGGT	71762219	AGCTGTGCAGCAAGATCTTGGAGAAGACGGCCAACCCTCAGTGGAACCAGAACATCACACTGCCTGCCATGGTGAGCCTCCTGCCCCCAGCAAACCCAAGGAGGCCCCTGGGGCTCTGGGCTTCGGGAGGTCCAGGGCTCC
DYSF	chr2	+	71755428	GATGGGGGACAGTCAGGGTTTTAGAGGAGAGACAGCAGGCAGGCAGTGACTGGTGTGTCCCTCTTCCCAGTGGACGATGCCGTGATGGACAACGTGAAACAGATCTTTGGCTTCGAGAGTAACAAGAAGAACTTGGTGGAC	71755531	TCTTTGGCTTCGAGAGTAACAAGAAGAACTTGGTGGACCCCTTTGTGGAGGTCAGCTTTGCGGGGAAAATGGTAAGGAGCAAGGGAGCAGGAGGGTTCTCTCGGGAGGGGACTTTCTGGTGCCCTGTGGACTGTGCCGGGT
DYSF	chr2	+	71780141	TGTCCCCTCCCCAGCCTGGGTGCCTTTCTTTGCTCCTCCCGTGACCCTCTGGTCTACTCTCTGCTCTCAGAAGTACCTTAGGAGGCGCAAGTACTCCCTGTTTGCGGCCTTCTACTCAGCCACCATGCTGCAGGATGTGGA	71780318	CGGGAACAAGTTCGACATGACCTGCCTGCCGCTGGCCTCCACCACTCAGTACAGCCGTGCAGTCTTTGACGGTGAGGCAGTGCTCCTGGCTGGGACCCCGATCACAGGATCATAGAGCAGGGGGCCACACCTTAAATCCCG
DYSF	chr2	+	71747308	taatgcaccacactttatttaacGCTTTGGCGGCAAGAGTTTGATTTGTGTCTCCTCTCATTGATTGCAGATGGACGTGGGCACCATTTACAGAGAGCCCCGTGAGTTCTCACCACTTTGGCCGTATCCTTGCATTTTGGT	71747338	CGGCAAGAGTTTGATTTGTGTCTCCTCTCATTGATTGCAGATGGACGTGGGCACCATTTACAGAGAGCCCCGTGAGTTCTCACCACTTTGGCCGTATCCTTGCATTTTGGTTCTGGAGGCTGATTGGGGACACTCATTTGG
DYSF	chr2	+	71766287	TACTTCCTGGGTGGGCTGTGGCCTGCAGTTCCTTTCCTGTGTTCAGGCCCTCTCTGCTCCCTTGCTCTAGGGACCGCCTGACTCACAATGACATCGTGGCTACCACCTACCTGAGTATGTCGAAAATCTCTGCCCCTGGAG	71766369	TCACAATGACATCGTGGCTACCACCTACCTGAGTATGTCGAAAATCTCTGCCCCTGGAGGAGAAATAGAAGGTATGTTCCCTCTTCGTTCTGCCCTTTGACCCCCTGTGCTCTCCCCCGTACCCCCTCTATCCAGCTTACA
DYSF	chr2	+	71887690	AGGCACTCATGAAGCCTCAAAGACAGGTTTGGAAAGTGTTTTCACAGAAGTGTTTTGTCTCCTCCTCCAGTGTGATCCTTACATCAAGATCTCCATAGGGAAGAAATCAGTGAGTGACCAGGATAACTACATCCCCTGCAC	71887781	TCCATAGGGAAGAAATCAGTGAGTGACCAGGATAACTACATCCCCTGCACGCTGGAGCCCGTATTTGGAAAGTAAATTGGGGCATCTTGGGTCTTGGGGTGGAGGAGCCAGACAGGATAACCCACAGTCTAGTGGGGGAGA
DYSF	chr2	+	71738937	GGGAAGATACTGGAGGGCAGTGGTCCGAGGCCAGCGCACCAACCTGTCCCCCACGTCTCATCTCTTCCAGGCCTCGCTGGTCCTGCAGGTGTCCTACACACCGCTGCCTGGAGCTGTGCCCCTGTTCCCGCCCCCTACTCC	71739051	TGTGCCCCTGTTCCCGCCCCCTACTCCTCTGGAGCCCTCCCCGACTCTGCCTGACCTGGATGTAGTGGCAGGTGGGTAGCCCACGTTGGCCTGGCTGGGCCCCAGCAAGAAGGCCGGCAGTGGCACTTGAGCCTGGGGGCT
DYSF	chr2	+	71892292	CCCTGCATGCCCCTCTACCCTCATGAGTGTCCTTGAAGCATCTCATCTATGTCTTGTGCTTGCTCCTCAGCTCTGGACCGAACCAGTGGCGGGACCAGCTCCGCCCCTCCCAGCTCCTCCACCTCTTCTGCCAGCAGCATA	71892434	AGTCAAGGCACCTGTGTACCGGACAGACCGTGTAATGTTTCAGGATAAAGAATATTCCATTGAAGAGATAGGTGAGCTGCCACATGACCCCAAACCATGGTGGGCTCTCGCTGTATCCCTCCCTCTCTCATCAGACCCTCT
DYSF	chr2	+	71762398	TCGGGGTAGGGAGGGGCTGTTCTATCTTCAAAAGGACTCTTCTCCCAACACGCCTCTATTCCTTCCTCAGTTTCCCTCCATGTGCGAAAAAATGAGGATTCGTATCATAGACTGGTGAGTTCTGAGTCTTGGAGTCTTTAG	71762441	CCCAACACGCCTCTATTCCTTCCTCAGTTTCCCTCCATGTGCGAAAAAATGAGGATTCGTATCATAGACTGGTGAGTTCTGAGTCTTGGAGTCTTTAGGGCGGGCTGTCCTGAGGGGGCGCTGGGTCCCTCAGTTTCATTC
DYSF	chr2	+	71740846	TGGGTCCCAGGGGCAGGGGCAGGGGCAGGGCCAGAGGGATCCAGGCCTCATTAGGGCCCTCTCCTCTTAGACACAGGAGGAGAGGAAGACACAGAGGACCAGGGACTCACTGGAGATGAGGCGGAGCCATTCCTGGATCAA	71741051	CCGGGATCAAAAGAAAGCGAAGTGCGCCTACATCTAGAAAGCTGCTGTCAGACAAACCGCAGGATTTCCAGGTGATGAACGGGCTTTCTCTGACCCCAGGCTCCTCTTCAGCCATCAGCTGCGGGTGCCAGGCACCTGCCT
DYSF	chr2	+	71778737	GAGGGTGCCCCTTTCCTTCCCCTCCTCCCCTCTGTCTCCCCTGCTCCTTGTGACCTGACCTCCCTGGCAGGGGGAAGGTGTGGCTTATCGTGGCCGGCTTCTGCTCTCCCTGGAGACCAAGCTGGTGGAGCACAGTGAACA	71778850	AGACCAAGCTGGTGGAGCACAGTGAACAGAAGGTGGAGGACCTTCCTGCGGATGACATCCTCCGGGTGGAGGTGAGGGGTGTGGCTCTGGGTGGGAGCTGGGCGTCGGGGCAGGGAAGGGATGGCCAGGCTGGGACTGGCC
DYSF	chr2	+	71709009	aggtgaaccagacacagtctcttctcctagagggccataggttaAGATGCCTTTTCTCTTTTTCTTCCAGGGATTTGAATGGGACCTCAAGGGCATCCCCCTGGACCAGGGCTCTGAGCTTCATGTGGTGGTCAAAGACCA	71709100	GGCATCCCCCTGGACCAGGGCTCTGAGCTTCATGTGGTGGTCAAAGACCATGAGACGATGGGGAGGAACAGGTAAGGTGGCCAGAGGGGGGTGCTCCATGGCTTGAAGGTGCAGGTAGGATTGTGGAGTATACAGACTGCA
DYSF	chr2	+	71780937	CACTCTTAGCACCCCATCCCACCCGCCCTCCACTCCTGGCACAGCGCTCAGGCCCGTCTCTCCATTCCAGGGTGCCACTACTACTACCTACCCTGGGGTAACGTGAAACCTGTGGTGGTGCTGTCATCCTACTGGGAGGAC	71781061	CATCCTACTGGGAGGACATCAGCCATAGAATCGAGACTCAGAACCAGCTGCTTGGGATTGCTGACCGGCTGGTGAGTGAAAACTTGCCCAAAGCTGCACATGCCTATGCATGCACCTGCTACCCCCGCTGCATGGGGTGTC
DYSF	chr2	+	71778171	AAGGTGGCTGGGTGGAGCATTGGGAAGCCCCACTGGGCCGACCCCTCTGATTGCCACTTGTGTCTCCCAGTGGATGACTACCTGGGCTTCCTCCCCACTTTTGGGCCCTGCTACATCAACCTCTATGGCAGTCCCAGAGAG	71778286	TCAACCTCTATGGCAGTCCCAGAGAGTTCACAGGCTTCCCAGACCCCTACACAGAGCTCAACACAGGCAAGGTAAGCCGGCTGGAGCCCTGGCAAGGGCAGGATGCCAGATGCCCAGGTCCCTCAGGAGCCCAGGCCTGCA
DYSF	chr2	+	71816723	TCTGGGCTAGTCTCCCTGCCACCCCCAGGCCTGGGGGCAGAATCTGCCATAACCAGCTTCGTGTCTCCAGGGCGGCGTGATGGATGACAAGAGTGAAGATTCCATGTCCGTCTCCACCTTGAGCTTCGGTGTGAACAGACC	71816816	TGAAGATTCCATGTCCGTCTCCACCTTGAGCTTCGGTGTGAACAGACCCACGATTTCCTGCATATTCGACTGTAAGTGAGGCTTCGAGGCCTCTATGGGGTGATAAGGGTGTGTCACCTTATGCTTCTGTTTGGATGGAGT
DYSF	chr2	+	71839771	CTCTTTGGGCTTGACCTGGAGACTTCCCAGAGGGGGATTCAGGCCAGTGCGTTCTTCCTCCTCCACCCAGATGCTGCCCAGGGAGGAGCTCTACTGCCCCCCCATCACCGTCAAGGTCATCGATAACCGCCAGTTTGGCCG	71839936	CATCCGCTCCCTGGAGAGCTTCCTGTGTGACCCCTACTCGGCGGAGAGTCCATCCCCACAGGGTGGCCCAGGTAGGGGAAGGGGAGATGATGGGCAGGTCAGGGAAGGGGGAGCCTCAGGGCCAAGCTACCCTTCCTAGTT
DYSF	chr2	+	71894506	TTCACTGGGCAGCCCCATTATCTCTCGCTTCCCCAGCTCCTGCAACTTTTTTGTCTTCTCTCTGGGGCAGAGGCTGGCAGGATCCCAAACCCACACCTGGGCCCAGTGGAGGAGCGTCTGGCTCTGCATGTGCTTCAGCAG	71894645	AGCAGGGCCTGGTCCCGGAGCACGTGGAGTCACGGCCCCTCTACAGCCCCCTGCAGCCAGACATCGAGCAGGTAGGACCTTGACCCTTGGGTCCCAGAGTCCTCGAACTCCAGAAAGCCCCAACCCCAGGGACAACATGGA
DYSF	chr2	+	71801328	GGTGGAGCCGAGCACAGAACTCCCCCCAGCCTTCCCACCGGCCTCTGAGTCTGCCCCTTCTCTTGTGCAGCACAGGCAGGCGGAGGCGGAGGGCGAGGGCTGGGAGTACGCCTCTCTTTTTGGCTGGAAGTTCCACCTCGA	71801501	GCTGGCGCCGTCGCATGGAGCCACTGGAGAAGACGGGGCCTGCAGCTGTGTTTGCCCTTGAGGGGGCCCTGGTATGTGGGGCTGCACTTGTCCTGGCTTGGGTAGGGTATATCTTGGTTTCCCAGGGCTGTTCGGGCTGAT
DYSF	chr2	+	71783095	GGGGGTTGGGTCCAGCATGCACCCTCTGCCCTGTGGTGACACACCTGACCCTTGCCTGCCCATTCCACAGGAAGCTGGCCTGGAGCAGGTCCACCTGGCCCTGAAGGCGCAGTGCTCCACGGAGGACGTGGACTCGCTGGT	71783201	GCGCAGTGCTCCACGGAGGACGTGGACTCGCTGGTGGCTCAGCTGACGGATGAGCTCATCGCAGGCTGCAGGTAGGGGGGACCTGGCGCCCCTGGTGCCCACCTCTCCTGGCTCAACTGGGCCTGTTTCGCTGGGAGTGCT
DYSF	chr2	+	71797729	ATTCAGAGATGGTCCCAGGAGAGATGGGGGGAACTGCCAAGCAATGAGTGACCGGTTCCCCCTCCCCCAGGCTGGGAGTATAGCATCACCATCCCCCCGGAGCGGAAGCCGAAGCACTGGGTCCCTGCTGAGAAGATGTAC	71797871	ACACACACCGACGGCGGCGCTGGGTGCGCCTGCGCAGGAGGGATCTCAGCCAAATGGAAGCACTGAAAAGGGTGAGCCAGCAGGTGGTGGGTGGGAGTGAGGCCTGTGGTCACAGGTGGCCAGTAGGCACAGATGCAGACC
DYSF	chr2	+	71891398	TCTTGTCCTGCCCTGCCTGTCCCTTGGGTGCCCCGTGTTGGCTGACATCGGGAATCTGCCCCTCCTGCAGGATGTTCGAGCTGACCTGCACTCTGCCTCTGGAGAAGGACCTAAAGATCACTCTCTATGACTATGACCTCC	71891568	GTCGTCGACCTGGAGAACAGGCTGCTGTCCAAGTTTGGGGCTCGCTGTGGACTCCCACAGACCTACTGTGTGTACGTGGATGGGGGCTGGCTGCCTGCTTCTCTGACAACACACCACCCCTGTCTTCTCTGACAACACACC
DYSF	chr2	+	71730344	TGAGGGGTCTGGCAGAAGAGCCAGGGTGCCTTAGGCTAGTTTTCTACATTTGACTTCTCTCTCCTCTCAGGTTCCTGGGGGAAGCCAAGGTCCCACTCCGAGAGGTCCTCGCCACCCCTAGTCTGTCCGCCAGCTTCAATG	71730449	TCCTCGCCACCCCTAGTCTGTCCGCCAGCTTCAATGCCCCCCTGCTGGACACCAAGAAGCAGCCCACAGGGGTAAGTGCCCATCAGCCTCTGCCAGGTTAAGGTCCAAGGCATTGCCAGGTGGCTTCCTCTTTGGGCCTTG
DYSF	chr2	+	71747919	GGTTCCCGGATGTGGCCACAGCCTGGGGTCTTCTGATTCTGGGATCACCAGAGGATGTTGTCTCTCTTAGGGCACGCCTATCTCAGGAAGTGGCTGCTGCTCTCAGACCCTGATGACTTCTCTGCTGGGGCCAGAGGCTAC	71748034	ACTTCTCTGCTGGGGCCAGAGGCTACCTGAAAACAAGCCTTTGTGTGCTGGGGCCTGGGGACGAAGCGCCTGTGAGTACATTTCCCTGGGTCTTCCTTACGGTCCCCCACGCGGCACTTGGTTGCGGAGGCACCAAACCAC
DYSF	chr2	+	71788882	ACATGTGCATGCCTGGACCTGGGAGAGCCCTGGGCTCATCAGGCGCATTCCATCTGTCCGTCCCTCACAGCCAGCCTCTGGGTGACATCCATGAGACACCCTCTGCCACCCACCTGGACCAGTACCTGTACCAGCTGCGCA	71789074	ACAGTGAGCTCCCTGCAGCTCTGGAGCAGGCGGAGGACTGGCTCCTGCGTCTGCGTGCCCTGGCAGAGGAGGTAATTAAGCCTGGGGGTGCCTTTCTTCTTCTGCTCTCCTGCTGCCTGGAACATCAGAACTGGCAGGGAC
DYSF	chr2	+	71871095	TTCCAACTCTGAAGAATGCTGCTTGGCGAGTCCTGTTTCTGAAATGGTCTCTTTCTTTCTACCCACTCAGGAGGAAGAGTTCATCGATTGGTGGAGCAAATTCTTTGCCTCCATAGGGGAGAGGGAAAAGTGCGGCTCCTA	71871193	AATTCTTTGCCTCCATAGGGGAGAGGGAAAAGTGCGGCTCCTACCTGGAGAAGGATTTTGACACCCTGAAGGTAAGGCCTCTCTTCAGTCTGACAGTCGGTGTGTGTGTGCGTACTGGGCAGTGGGAGACACAACAGAAAG
DYSF	chr2	+	71895884	ccagagcaggtgcttggtaacagctggttaaatgaGAAGGGTGGGGAGAGAACGGACCCTGTCTCCGCAGGGGAAGCTGCAGATGTGGGTCGACCTATTTCCGAAGGCCCTGGGGCGGCCTGGACCTCCCTTCAACATCAC	71895972	GTCGACCTATTTCCGAAGGCCCTGGGGCGGCCTGGACCTCCCTTCAACATCACCCCACGGAGAGCCAGAAGGTGACTTGCCCAGCCACAGGCTCTGAGCTGGGCTGAGGGGTGGGGGCGTTGCAGCCTGCTGTGGGCGGGA
DYSF	chr2	+	71838595	CCCTTCCTGGCCCCAGCCTTTCCTGGGGCCCGGGGCCTTCTGAGCCACTCTCCTCATTCTGTGTGCTTAGATCCTGGCATGGGGCCTGCGGAACATGAAGAGTTACCAGCTGGCCAACATCTCCTCCCCCAGCCTCGTGGT	71838756	TGCAGTCCTGTGTCATCAGGAACCTCCGGAAGAACCCCAACTTTGACATCTGCACCCTCTTCATGGAAGTGGTGAGCCCCACCTCCCTACTGTCCCCTTCCAGAGTCCTGGGGCTAGAAGTTCTACATGTCCCCGAGCAGC
DYSF	chr2	+	71796950	CAGGAGGTGGTAGATGGATGGGGGCCTCTCCAGCAGAGCAGCAGAGACTCTGACCAGCCCTCCTCCACAGTCTGCTCCATGACATGGACGCCGGTCACCTGAGCTTCGTGGAAGAGGTGTTTGAGAACCAGACCCGGCTTC	71797064	AGGTGTTTGAGAACCAGACCCGGCTTCCCGGAGGCCAGTGGATCTACATGAGTGACAACTACACCGATGTGGTAAAGCAGGCACTCAGGGGCAGGTGGGGTCTAGACATTTGGTCTCTGGAGGCACCTGGTGCTCAGGGAC
DYSF	chr2	+	71744119	GAGCTATTGGGTTGGCCGTGTGGGCCACATGTTCCCTGTGAATGTGAGTTTCCATGATCTTTCTCTGCAGGTGGTAGACTCTCGTTCTCTCAGGACAGATGCTCTCCTCGGGGAGTTCCGGGTAATTGCTTATTTTCTATG	71744169	TCCATGATCTTTCTCTGCAGGTGGTAGACTCTCGTTCTCTCAGGACAGATGCTCTCCTCGGGGAGTTCCGGGTAATTGCTTATTTTCTATGAAAGCAGTCAGTTCTCACTTCTCCGTGTTGGTGGAGCCTCTGTGGACCAT
DYSF	chr2	+	71827832	TGATCTCTCTGAGGCTCCCTAGAGCCCTGGGTAAGGGATGCTGATTCTTGTCTCTCTACGCTTGGTCTAGGGTGCAGACGAGTTTATGGGTCGCTGCATCTGTCAACCGAGTCTGGAACGGATGCCACGGCTGGCCTGGTT	71827972	TCCCACTGACGAGGGGCAGCCAGCCGTCGGGGGAGCTGCTGGCCTCTTTTGAGCTCATCCAGAGAGAGAAGGTGAGGCTGGTCTATATCCAGATCCAGGAGGCCCAGGCAGGAGTGGGGTGGGGGCCAACCCTCTGTGGGA
DYSF	chr2	+	71896242	CTTGGCTTCTTAAGGCCTTCCCATCCTTTGGTAGGAAATCTAGGTGGATTAGAGTGATACCTTTCCCCAGGTTTTTCCTGCGTTGTATTATCTGGAATACCAGAGATGTGATCCTGGATGACCTGAGCCTCACGGGGGAGA	71896337	AATACCAGAGATGTGATCCTGGATGACCTGAGCCTCACGGGGGAGAAGATGAGCGACATTTATGTGAAAGGGTAGGGAGCCAGCGTCCTCTTGCCTGTCCAGCTTCCCGCAGCTCCCGTGCTCCCTCTGGGTTGTGCACAG
DYSF	chr2	+	71743310	TGGTCCTCCCTCTCCCTGGCCTGAGGGATCAGCAGGCACTGATATGTCTCTCTTTGCTCTGAACCAACAGACTCTTTTCTTCAACTTGTTTGACTCTCCTGGGGAGCTGTTTGATGAGCCCATCTTTATCACGGTATGTCT	71743372	ACCAACAGACTCTTTTCTTCAACTTGTTTGACTCTCCTGGGGAGCTGTTTGATGAGCCCATCTTTATCACGGTATGTCTCAGCAGTCAAAGTGTTCTCCGTGGGCTGTATGTATGCACATAGGTGTCAGTGCACACGCgtg
DYSF	chr2	+	71896735	TAAGTTGACGATGTATATACTGTGTTGGAAATCTTAATGAGAACTATTCTCTAAAAACATGTATGTCTAGTTGGATGATTGGCTTTGAAGAACACAAGCAAAAGACAGACGTGCATTATCGTTCCCTGGGAGGTGAAGGCA	71896876	ACTTCAACTGGAGGTTCATTTTCCCCTTCGACTACCTGCCAGCTGAGCAAGTCTGTACCATTGCCAAGAAGGTCAGTGTCCTTCCGATTCCCTGTGGTGCCAGCACCAGGGCTTCTAAAGTTAGCCTGACCTGACCACCAC
DYSF	chr2	+	71909660	TGAGAGAAGAGTTTGGAGAAAGCAGCCCTAGTAAAGGATGCCCAGTTGACCTCCGGGATCTCGCTTCCAGGCGCCCCGACACCTCCTTCCTGTGGTTTACCTCCCCATACAAGACCATGAAGTTCATCCTGTGGCGGCGTT	71909807	GGGCcatcatcctcttcatcatcctcttcatcCTGCTGCTGTTCCTGGCCATCTTCATCTACGCCTTCCCGGTGAGCAGGCCTGACGACACTGTGGTGGGGGAACTCTGGGTCTAATGGGGGAGTTCATCATTGTCCTCAA
DYSF	chr2	+	71908131	GGCCTGGTTACTCTCCAGGCCACTGAGCAGAGCCTTCGTGCCCCTAACCAAGTGCTCTCTGTCCCCTCAGGGCAAGCTGGAAATGACCTTGGAGATTGTAGCAGAGAGTGAGCATGAGGAGCGGCCTGCTGGCCAGGGCCG	71908240	GAGCATGAGGAGCGGCCTGCTGGCCAGGGCCGGGATGAGCCCAACATGAACCCTAAGCTTGAGGACCCAAGGTCAGTGCCCAGCCCCTGAGCCCCAATGCCCACAGGTCTGGGGGTATAGGCCACAGTCCAGGAGGCATCC
DYSF	chr2	+	71906187	CTGCCTAAGGGTGGCTACAGGCTGGCAGTGATCGAGAAACCCTTGGCCAAAAACTACCTCTCTGTTGCAGGCTCCCTGCAGCTCGATCTCAACCGCATGCCCAAGCCAGCCAAGACAGCCAAGAAGTGCTCCTTGGACCAG	71906365	TTTTTGAGCAGAAAACAGTGAAGGGCTGGTGGCCCTGTGTAGCAGAAGAGGGTGAGAAGAAAATACTGGCGGTAAGTCTACTTCCTCCAGCCCCAGTGGAGGGCATGGGGGAAGCTTCTTCCATAGAAATTGTCAGAAAAT
DYSF	chr2	+	71840464	CCTGGGGCTGGTGAGGGGCGAGCCTTTTGAGAGAGCCCCTCTCAGGCCTGGATGGCTCCCTCCCCTGCAGACGATGTGAGCCTACTCAGTCCTGGGGAAGACGTGCTCATCGACATTGATGACAAGGAGCCCCTCATCCCC	71840540	TGAGCCTACTCAGTCCTGGGGAAGACGTGCTCATCGACATTGATGACAAGGAGCCCCTCATCCCCATCCAGGTAGGATGGGCATCCTCCAGGGAGGCCTGGGTCACCTTTCCCCTCCATTCCTCATCAATTCCCACCCCTT
DYSF	chr2	+	71753350	TCTTAGAAAAGGAAAGTAAAACCCTGTGCTCAGGAGCGCATGAAGGAATCGTATTTGGTTTTCTTTGTAGCTGGAGAGAAAAGACCCCTCTGAAGACAAGGAGGACATTGAAAGCAACCTGCTCCGGCCCACAGGCGTAGC	71753476	GCCCACAGGCGTAGCCCTGCGAGGAGCCCACTTCTGCCTGAAGGTCTTCCGGGCCGAGGACTTGCCGCAGAGTGCGTGGGGCGCGCCCTTGGGTGGGAGGTCTGCAGGAGGCTGGAGGCGCAGGGCTGGTGGGGGTGGGCG
SLC25A22	chr11	-	792142	GCGCCCGGCTGGGGATGGGGCGGGACTGAGCCCTTGGCCAGGCTCACACTGACCCGAGCGCCCCTTGCAGTGGTGAAGACGCGGCTCCAGTCACTTCAGCGAGGCGTCAACGAGGACACCTACTCTGGGATCCTGGACTGT	792217	AAGACGCGGCTCCAGTCACTTCAGCGAGGCGTCAACGAGGACACCTACTCTGGGATCCTGGACTGTGCCAGGTGGGGAGGTCCCACGGCGGGTGGGGCCTGGGGGCCTGCGTACCGGGCTGACCCTTTCGTCCTTCCTCCA
SLC25A22	chr11	-	794458	GACAGTCCAGGGACCCTGGCCTCCGGCTGGCCCCAGCTGGCCCTGGCTCACCCTGTCCCCTTGGCCACAGGTCCGACTGCCTCATCAAGACCGTCCGCTCCGAGGGCTACTTCGGCATGTACCGGGGTGAGGTTTGGCTCG	794513	TCCCCTTGGCCACAGGTCCGACTGCCTCATCAAGACCGTCCGCTCCGAGGGCTACTTCGGCATGTACCGGGGTGAGGTTTGGCTCGGCTGGGCTCGATATGGGCAGGCCTGGGTAGCGCCCGCGAGTCGTGGCAGGGAGCG
SLC25A22	chr11	-	792304	GGAGGGAAGGGGGAGGCCGGCCTGCCCACCCCACCACCTCCTGTCCCCACGGCCACCTCCCTCCCCACAGGGATGTCCCCTTCTCTGTGGTGTACTTCCCGCTCTTTGCCAACCTGAACCAGCTGGGCCGCCCGGCGTCCG	792458	TTTCTACGTGTCCTTCCTGGCCGGCTGTGTGGCTGGGAGTGCCGCCGCTGTGGCCGTCAACCCCTGTGATGGTCAGTGCATGGGATGGCGCCCGGCTGGGGATGGGGCGGGACTGAGCCCTTGGCCAGGCTCACACTGACC
SLC25A22	chr11	-	794776	TGGCTGCGTGCCTCACCCCCACCCTGACCCATGGTCAAGGAAGCCGGTCCTGACACCCCTGTCCACACAGCCTGCCAGCCAAGCTCATCAATGGCGGCATCGCCGGGCTGATCGGTGTCACCTGCGTGTTTCCCATCGACC	794901	GTGTTTCCCATCGACCTGGCCAAGACCAGGCTGCAGAACCAGCAGAACGGCCAGCGCGTGTACACGAGCATGTGAGTGTGCCGGGCGGTCGCGGGGAGTGGGCCCAGCATGTGGCAGCAGGAGAGGTGGGGGCTCTGCTCC
SLC25A22	chr11	-	794987	GGGAGGCTGGGGGAGGATTACTCTTCGGGTGGCCCCACCCTCACTCATTCCCATTCCCTCATCCTTCTAGGACAGAAGTGGCGGTTGCTGACGCCTGGAAATTCCCCTGAAGGTGGAGCACCACCCAACCCCCCTGGGTCC	795169	CCTGGCCTGGCGTCCACCTCTGCGGCTCCTACCTGGGTGCAATCGAGTTAAATGGCTGATAAGCAGATCAGGTCAGACTCCAGTCCTGGCTGCGTGCCTCACCCCCACCCTGACCCATGGTCAAGGAAGCCGGTCCTGACA
SLC25A22	chr11	-	793529	AAGTCCTGGCCAAGCGCCTCCCCACTCAGGCCACCGAGCATGTCCCCCCAGCTGACCCCCTGCCCCACAGGAGCTGCTGTGAACTTGACCCTCGTCACCCCCGAGAAGGCCATCAAGCTGGCAGCCAACGACTTCTTCCGA	793619	CTCGTCACCCCCGAGAAGGCCATCAAGCTGGCAGCCAACGACTTCTTCCGACATCAGCTCTCTAAGGACGGGTGAGGGTTCTGCCTGGCAGACACTCGAGGGGTCTTTGGCTTCAGATAAAGGATGGGTCCACCCTGCCAG
SLC25A22	chr11	-	790475	GGGAGGTCCCACGGCGGGTGGGGCCTGGGGGCCTGCGTACCGGGCTGACCCTTTCGTCCTTCCTCCACAGGAAGATCCTGCGGCACGAGGGCCCCTCGGCCTTCCTGAAGGGCGCCTACTGCCGCGCGCTGGTCATCGCGC	792068	TGAAGAGTTTTAAGAAGTTGTAACTTTTTGTGTCTTGTCATGTCAGAGAATAAATAAATATTCTAAGTAGATGCTGCTGTCTGTCTGGGGGTCTGTTTGGGGGCGGGGGAGGGCAGTCCCCTCTTCCCATAACTGGCTCCC
SLC25A22	chr11	-	792553	cagggagggccagagcgTGTCCCCTGCCCAGTTCGCACAGAAGAGGAGACAGCAGCCTCTTTGTCCCCAGCCGCCCAGAGGAAGATCCTGGCTGCCCAGGGCCAGCTCTCGGCCCAGGGGGGTGCCCAGCCCTCAGTGGAG	792727	CTGACCCGCGACCTGCTGCGGAGCCGTGGCATTGCCGGTCTCTACAAGGGACTCGGGGCCACGCTGCTCAGGTAGGAGGCACAGGGCAGGTGGGGGGAGGGAAGGGGGAGGCCGGCCTGCCCACCCCACCACCTCCTGTCC
SLC25A22	chr11	-	792870	GGTGGGCAGCCCCGAGGGTGGCAGGTAGACCTGTCTCTTCCCACTTACTGCGGCCCCGCCCCTACCACAGGCAGAAGCTGACCCTGCTTAAAGAGATGCTGGCGGGCTGTGGGGCTGGCACCTGCCAGGTGATCGTGACCA	792988	CACCTGCCAGGTGATCGTGACCACGCCCATGGAGATGCTGAAGATCCAGCTGCAGGATGCAGGGCGCATTggtgagggcggggggagggggaggagagggcagaggtgcgggaagaggtgagggcgaggggagggtgggga
ALDH7A1	chr5	-	125885621	TTTTTTATTTATTTTTGTTTGTTTTTAATTTCCTGTTCATTGCTCTCACCATGCCTCCCTTTTTACACAGACCTAAAGGATCAGACTGTGGCATTGTAAATGTCAACATTCCAACAAGTGGGGCTGAGATTGGAGGTGCCT	125885694	TAAAGGATCAGACTGTGGCATTGTAAATGTCAACATTCCAACAAGTGGGGCTGAGATTGGAGGTGCCTTTGGTACGTAGAGAATCATTTCTCCTTTTCCATGTTGGGCAGCAAAGAAAAACCAGTAGTAGCTTTTAGAAAA
ALDH7A1	chr5	-	125929043	GTTTGGTCTATTCCCTTACTTCAAAAGGGATTACGTTTTCTATACATGATCATCATCCTTTTGTTTTAAGGTTATTACGACCTATTGCCCTGCTAACAACGAGCCAATAGCAAGAGTCCGACAGGTAAGAgtgtgtgtgtg	125929096	CATCCTTTTGTTTTAAGGTTATTACGACCTATTGCCCTGCTAACAACGAGCCAATAGCAAGAGTCCGACAGGTAAGAgtgtgtgtgtgtgtgtgtgtgtgtgtgtgtgtgtgtTTAATTCAAATTATACACAAGGAGTTTG
ALDH7A1	chr5	-	125894932	TTATACCAGCTAACAAATACCTTGTCTACCTGTTTTGGTTCGCTGATGGAAGTGTTTGTGCTTTCCTAAGCCTTTGAAGATGCAGACCTCAGCTTAGTTGTTCCATCAGCTCTCTTCGCTGCTGTGGGAACAGCTGGCCAG	125895026	TAGTTGTTCCATCAGCTCTCTTCGCTGCTGTGGGAACAGCTGGCCAGAGGTGTACCACTGCGAGGCGACTGGTGAGTATATCTGCATAGGCCCGATTGTCTTGCTCTTAAAACACTACTTTTTAATGAGTTCTGCTGTTAG
ALDH7A1	chr5	-	125930699	GAAAAGAATTCCCAGCTGGAACTGTGGCTCCCGGAGTCTTTCACCAGATGGCAGCAGCCCACTCCTCCCTGTAGCACTCCCATTGTTCCAGGCAGGATTCAGCCGCAGGCTCCTCCGGAAGACCAGGGGCAGACGGGGCGG	125931082	GGCTGAAAGAGCTGGGGCTCCGCGAGGAAAACGAGGGCGTGTATAATGGAAGCTGGGGAGGCCGGGGAGAGGTACGCGGGCGCTCAAGAAATCTCTGCAGCCGCCGGGGCTCGCTCGAGGAGGCCGGGCGGGCACTGACCT
ALDH7A1	chr5	-	125896775	GGCTGTGTAGCAGTGTGCAGTAAATATGGAAGTAGGCattaatttttatatataatttttttCTTTTAAGGGAGAAGTCTGTTGGAACTTGGAGGAAACAATGCCATTATTGGTAAGGCTGCCTCTTTGTTTTTGTTTGTT	125896816	atttttatatataatttttttCTTTTAAGGGAGAAGTCTGTTGGAACTTGGAGGAAACAATGCCATTATTGGTAAGGCTGCCTCTTTGTTTTTGTTTGTTTTCTGTTCAGTTTCCACAGTCGCCATCCTGAATATATGGAA
ALDH7A1	chr5	-	125928356	TTTGTGTTCTAGAAGATCATCATCATTTCTCTTTATTTCCCCCTTTCTGTCCCCCTAATTCTTAATTTAGGCCAGTGTGGCAGACTATGAAGAAACTGTAAAGAAAGCAAGAGAAGCATGGAAAATCTGGGCAGATGTAAG	125928421	TTTAGGCCAGTGTGGCAGACTATGAAGAAACTGTAAAGAAAGCAAGAGAAGCATGGAAAATCTGGGCAGATGTAAGTATGGCCTTTGTTTCTAGAATTCAGAAAAGATCACTTTGCCTATTGTAACCAATGAGATACATAA
ALDH7A1	chr5	-	125918543	CTTTCTTTAATTTAATGTTTATAATGTGAATTCTGTTGGAAAAATTCTGCTTGTCGTTTTATATTTCTAGGTGTCTTTGGAGATGGGGAAAATCTTAGTGGAAGGTGTGGGTGAAGTTCAGGAGTATGTGGATATCTGTGA	125918666	GTATGTGGATATCTGTGACTATGCTGTTGGTTTATCAAGGATGATTGGAGGACCTATCTTGCCTTCTGAAAGTAAGCAATGAAATTAGTTAAGCTGAGTTTTGTACTCTGATATACAGAGCTCCAAAAAAAATAAAATACT
ALDH7A1	chr5	-	125882016	TCATTGATACCAACTATGAGCCCACATGGAAACTGCTCAGAAGATATGATATTATTTTTTATTTCTCTAGGAGGAGAAAAGCACACTGGTGGTGGCAGGGAGTCTGGCAGTGATGCCTGGAAACAGTACATGAGAAGGTCT	125882091	GAAAAGCACACTGGTGGTGGCAGGGAGTCTGGCAGTGATGCCTGGAAACAGTACATGAGAAGGTCTACTTGGTAAGAAAAGGCTTTGGGAAGATAGGTTTGGGCTTAAAACCCTTGGGAATGGGCTTTTACACTTTCCTAC
ALDH7A1	chr5	-	125912771	TTGTTCTTATTAACTTGATGGGCATTAAATTAACATGCTTCTGCATGTTCCATCCTTTTTCTGTCCTCAGGATCTGGCCATGCACTGATTGAGCAGTGGAATCCCGTAGGCCTGGTTGGAATCATCACGGCATTCAATTTC	125912903	TTCAATTTCCCTGTGGCAGTGTATGGTTGGAACAACGCCATCGCCATGATCTGTGGAAATGTCTGCCTCTGGTAAGACCTGCTCACTTTCCTATTTAGTAGTGAGTGATAAAAATAGCCATTTCTAgatactactacctca
ALDH7A1	chr5	-	125903951	GGGTACCATTAGATGTTGTAATTGCTGGGTTTCTCTGCTTGGGTGGCCGACCGTGTCTGTTCCCTTGCAGCACAGCAATGGCCAAAGATGAACGAGTGAACCTGCTGTCCTTCACTGGGAGCACTCAGGTGGGAAAACAGG	125904048	GAACCTGCTGTCCTTCACTGGGAGCACTCAGGTGGGAAAACAGGTGGGCCTGATGGTGCAGGAGAGGTTTGGTAAGTGTTGGCTTTCTAATGAGGATTTTAATTCTCTCAAATATGGAGGTGAAATCTAAAAGTTGAGTTT
ALDH7A1	chr5	-	125877533	TTTAAAAGTGGGCATGAAAATCTTCTGTTATGTATGTACTGTCATTAATTCTGTTATTTTTTCCCACTAGTACTATCAACTACAGTAAAGACCTTCCTCTGGCCCAAGGAATCAAGTTTCAGTAAAGGTGTTTTAGATGAA	125880711	TTTGGGGTACATGTTACGATTTGTCTACGTTAATTTCCCTTTTAAAAATAAAAATAATTCCTCAACTCCAATTAGACAATTGGGTTGTCCTTTTCACACTGATACCTCTTTTATAGTACACTGCATTCTTACATATAACAG
ALDH7A1	chr5	-	125885888	GAGTTTAATGTCAGTGAACTTTGACTTGAACACTATAACATCTTACAGCTTCCAATGTCTCTCCTTTTAGAATGAAGAAGAGGTCTTTGCATGGAATAATGAAGTAAAACAGGGACTTTCAAGTAGCATCTTTACCAAAGA	125885985	AATGAAGTAAAACAGGGACTTTCAAGTAGCATCTTTACCAAAGATCTGGGCAGAATCTTTCGCTGGCTTGGGTACAACTTTGTCTATTTTGAAAATTTATATAAGTCTGATTTATGTGGTGAGTGGACTTAAAAAAACTGC
ALDH7A1	chr5	-	125919624	CATCCAATACTGTGTTATAAACATGAATTTATGCTTTGAATCAGACACAAAAATTGCATTCTTTTCTTAGATTCCTGCTCCAAAACGAGGAGAAATAGTAAGACAGATTGGCGATGCCTTGCGGGAGAAGATCCAAGTACT	125919704	CAAAACGAGGAGAAATAGTAAGACAGATTGGCGATGCCTTGCGGGAGAAGATCCAAGTACTAGGAAGCTTGGTAAAGTATTTTTGTAGTATATACACAATTCTTTGAGTGGACAATAAGGCTGTCATGCTTTTCTATATAT
ALDH7A1	chr5	-	125887713	TGCATCCTCTGACCCCAAGTCCTAGAAAACAAAATGCTTTCATTCTTTTTATTTCATTTCTCTGCATTAGGTTATGGATCGCCCTGGAAATTATGTAGAACCGACAATTGTGACAGGTCTTGGCCACGATGCGTCCATTGC	125887829	GTCTTGGCCACGATGCGTCCATTGCACACACAGAGACTTTTGCTCCGATTCTCTATGTCTTTAAATTCAAGGTAAAAATGCATTCTGTTCGCTAGCCTGATGTTGAAATAAATGATAAGAGGAAAATGATGGTGGATTAAA
ALDH7A1	chr5	-	125911112	TAATAAAAGGTATTTATGGTTTCCGTCAAATAAGTTTTTCTTTTTCTTTTTTTGTTTTAACCTTCTTAAGGAAAGGAGCTCCAACCACTTCCCTCATTAGTGTGGCTGTCACAAAGTAAGTACATGTGGCTTTCTTTTTCC	125911156	TCTTTTTTTGTTTTAACCTTCTTAAGGAAAGGAGCTCCAACCACTTCCCTCATTAGTGTGGCTGTCACAAAGTAAGTACATGTGGCTTTCTTTTTCCTGGGTATGGAATAATATTGAAAGGGTTATTGATAGGCCCTGACT
ALDH7A1	chr5	-	125906474	TGGAATTTATTCCTTGTTTTTAAAAAAATGCCTTAAATTATTGCCTCAGTAATTGCTTTTTCCTTTCTAGGATAATAGCCAAGGTTCTGGAGGACAACAAGCTGCCTGGTGCAATTTGTTCCTTGACTTGTGGTGGAGCAG	125906551	GCCAAGGTTCTGGAGGACAACAAGCTGCCTGGTGCAATTTGTTCCTTGACTTGTGGTGGAGCAGATATTGGGTAGGTTACTAGGCTGAGAGCATCCTCTGTTGAAGGACCCCAGGTTGACCAACTAGAATCATCGTTACTA
APTX	chr9	-	32985969	ATTATTGGCATTTGTAATTTACATTGCTTGtttttttttttttttgtttttttttttgttttttttttAGGAATCCCTGGGCCACTGGAGTCAAGGCTTGAAGATTTCTATGCAGGACCCCAAAATGCAGGTCAGAATACA	32986028	tttttttttAGGAATCCCTGGGCCACTGGAGTCAAGGCTTGAAGATTTCTATGCAGGACCCCAAAATGCAGGTCAGAATACAATTTTGGAATTTCAGTACATTTCATGTTGTAAATGACCACTCCACAGAGGTCTTAATTA
APTX	chr9	-	32989757	CGGGTGTGGCCCTGGAGGACTCGTGCTAGTGGATCTGTTTTTCTAGTGATTCTTTTGTTTTGTCCCTTAGAGTGATGATGCGGGTGTGCTGGTTGGTGAGACAGGACAGCCGGCACCAGCGAATCAGACTTCCACATTTGG	32989893	TTTGGAAGCAGTTGTGATTGGGCGTGGCCCAGAGACCAAGATCACTGATAAGAAATGTTCTCGACAGCAAGGTAACTGGTCATAGAAATGTGGAGATTACTATGGTTATGTGGGATAGTGATAACCAAAGATGCATATTTT
APTX	chr9	-	32984629	aatataacaaccaggcacacagaagattcttagtagatgtctgttTCCTTCTCTTGTATCCCTCTGCTAGGTTTACAAAGATGAGCAGGTGGTGGTGATAAAGGATAAATACCCAAAGGCCCGTTACCATTGGCTGGTCTT	32984855	GTGATTGTAGATTTTGCTGGGTCCAGCAAACTCCGCTTCCGATTGGGCTACCACGCCATTCCGAGTATGAGGTAAGCCAGGTGGGTAGTGCTGCTGGCTCCTGGTTCTGTCCAGGTGGGCAGATAGATTCAGCCTGGGCTT
APTX	chr9	-	32974456	CTCTTTGTCATTTTGATTAAGCCATAGTTGTTAAAGAGTTTAATGCTCAGTTTTTTTTTCTTTCAACTAGCCATGTACATCTTCATGTGATCAGCCAGGATTTTGATTCTCCTTGCCTTAAAAACAAAAAACATTGGAATT	32974559	TGATTCTCCTTGCCTTAAAAACAAAAAACATTGGAATTCTTTCAATACAGAATACTTCCTAGAATCACAAGGTAAACAGTGTTCCTTGGTTTTCACATTTGTTTCATTTTCTGAGCTGTTCTTATATTTGATTTGGTTGTT
PEX1	chr7	-	92146590	TATTCTACACTATAGCATTGAGTCCAAAGTAGAAATGAATGTGCACTAATGAGCTTTATTTTCTACACAGTTGCACTAATACCAGCTGCCTCTTATGGAAGGCTGGAAACTGACACCAAACTCCTTATTCAGCCAAAGACA	92147356	GACTTGAAGAATTGAACAATGCCATCAAATATACCAAAAATGTAGAAGTTCTCCATCTTGGGAAAGTCTGGGTTAGTATAAATTTTATAACTTGGGAGAAATTTTATGTGGCTTAAACATCCCCAAATTATGAATTAGAAT
PEX1	chr7	-	92151416	GTTTATTTTCATGTGAATCCAGAAAAATGTATACGAAAACCTTTTTTCCTCTCATTTCTTATATGAATAGAATCAAGCTATAGAAGTGGTCTGGAGTCACCAGCCTGCATTCTTGAGCTGGGTGGAAGGCAGGCATTTTAG	92151559	ATCAAGGTGAAAATGTGGCTGAAATTAACAGACAAGTTGGTCAAAAACTTGGACTCTCAAATGGGGGACAGGTAAGCACATGTGATGGCAATAACTTTCTTCTAATATCACATAATATAGCAATAGAAATAAAATTAAAAG
PEX1	chr7	-	92119028	TTTGGTAAACAGATAGTTTTTTCTCTCCCCCTCTTCCTTCCATCTTTCATTACTACAATTTACCATGCAGAGCTCACAATGTCTCTCTGCACCAAGCTCCATGACTCAGGATTTGCCTGGAGTTCCTGGGAAAGACCAGTT	92119225	CACAAGAACAAAGAGATCAACTGAGGGCAGATATCAGTATTATCAAAGGCAGATACCGGAGCCAAAGTGGAGTATGGCTTTTTCCCCCTCATTATAATTGTTAAAACTTCTTAAAAATTGTTTCACCCTTTTGATATATAT
PEX1	chr7	-	92131204	TCCAAATATACATTCAAAAATATACAGTTGAATACAATTGGAAATTCGAATTTTGTGTTTTTTTCTTTAGGAACAAAGATGTGAAATTCTGTGTAATGTAATAAAAAATAAATTGGACTGTGATATAAACAAGTTCACCGA	92131393	AGATTTTACAGTACTTGTGGATCGAGCCATACATTCTCGACTCTCTCGTCAGAGTATATCCACCAGAGAAAGTATGTTTTACTATTAAAACCTGAACTTGGAATCTTCTTTCTATTGTGGAGAAATGTAATTGTAGTAAGA
PEX1	chr7	-	92120586	ATGTTATTATTTATTTCTGAGACTAAAATTGTTTACATCTTTAAACTGGTTGTCCTTTTGTGTATTTTAGGATGGAAGTTCCAGCTCTGATAGTGACCTAAGTCTGTCTTCAATGGTCTTTCTTAACCATAGCAGTGGCTC	92120816	TCAATATGTACCGGCTCTACTTTGGAAGCTCTTATGAATCAGAACTTGGAAATGGAACCTCTTCTGATTTGGTATCTTGTGCAGTCATCATTATACAGTTCTGAAATATAAAGCTATATGTTGGTGTAAAGTTGCAGTGAT
PEX1	chr7	-	92147455	GATTTTTTTTAACTAGATATGGAGTGGACAAAATGTAAAGTGAATTGATCTTTTCGTCTGTTGGTTCTAGGAGCTGCATGCTGTTTCCCTTGAACAACATCTTCTAGATCAAATTCGAATAGTTTTTCCAAAAGCCATTTT	92147569	TCGAATAGTTTTTCCAAAAGCCATTTTTCCTGTTTGGGTTGATCAACAAACGTACATATTTATCCAAATTGGTAGGTGCTATTGTAATATTTGCTGTCATATTCTACACTATAGCATTGAGTCCAAAGTAGAAATGAATGT
PEX1	chr7	-	92138643	CTGGGACCCGAGAAAAACATGCAAAAGACATACTTTGAAATGTAAAACTGATTTTTCCTTGCAACTGTAGGTCCTTCTAGATCCTATGGTAAAAGAAGAAAACAGTGAGGAAATTGACTTTATTCTTCCTTTTTTAAAGCT	92138725	CCTATGGTAAAAGAAGAAAACAGTGAGGAAATTGACTTTATTCTTCCTTTTTTAAAGCTGAGCTCTTTGGGGTAAGAAGTTATGGCCAAACTAGCATGTTAGACATGTTTTTAACACTATATCTGGCAGAGTTTTCAATGT
PEX1	chr7	-	92136308	AGCATTTTTTTATAGCTAAATTTTATCCTGCTTCAGTCTTTTATCATGTAACTATGTATATTTTTTACAGAGGAGTGAATTCCTTAGGCGTATCCTCCTTGGAGCACATCACTCACAGCCTCCTGGGACGCCCTTTGTCTC	92136440	CTTTGTCTCGGCAGCTGATGTCTCTTGTTGCAGGACTTAGGAATGGAGCTCTTTTACTCACAGGAGGAAAGGTAAGTGGTTAAGGTGTGTTCATTTTTCTGTAACATTTAATAACTTTTCATTTATCTTTCTTTGGGTTTT
PEX1	chr7	-	92123801	tatgtatatGAAATCACTTTGCCAACTATGAAGCCTGATTCAAATATGAAATGTTGTTTGTTTTTCCCAGAGCACAGGCTGCAAAGCCCTGCATTCTTTTCTTTGATGAATTTGAATCCATTGCTCCTCGGCGGGGTCATG	92123943	TAATACAGGAGTTACAGACCGAGTAGTTAACCAGTTGCTGACTCAGTTGGATGGAGTAGAAGGCTTACAGGGTAATAATTATAAATACAGAAATAGAATGTTATAACAAAATGTCATCATGTCATCAGATTTTGGTAAAAA
PEX1	chr7	-	92122267	AAGATACACaatttaagataatatttttaattttattttttatttgttaaataaatttttCTCCTTTCAGGTGTCACGTCTTGAAATTTTAAATGTCCTCAGTGACTCTCTACCTCTGGCAGATGATGTTGACCTTCAGCA	92122443	ATCTGAAAGCTTTACTTTACAATGCCCAATTGGAGGCCTTACATGGAATGCTGCTCTCGAGTGGACTCCAGGCAAGTTATATGAGGAAGTTGTTATGACATTTTATGAGTGATAAAAGAAGTACAATGTCAAAATTTCCAC
PEX1	chr7	-	92123607	AATAGAATGTTATAACAAAATGTCATCATGTCATCAGATTTTGGTAAAAAAATGTTCTTTTTTCCTCTAGGTGTTTATGTATTGGCTGCTACTAGTCGCCCTGACTTGATTGACCCTGCCCTGCTTAGGCCTGGTCGACTA	92123710	ACTTGATTGACCCTGCCCTGCTTAGGCCTGGTCGACTAGATAAATGTGTATACTGTCCTCCTCCTGATCAGGTGACAATTTCATATTTAGAGTCCAAAACCCAACAAATGCTACACTCTTTCCTTGTGAGCTTTACTTCTG
PEX1	chr7	-	92143162	TTTATGCTATGAAATATTTCTTAACCAAGCTTTGaatatatttatatttttgtttatttttaaatttCAGATTCCAGATGACCTGAGGAAGAGACTAAATATAGAAATGCATGCCGTAGTCAGGATAACTCCAGTGGAAGT	92143281	TCAGGATAACTCCAGTGGAAGTTACCCCTAAAATTCCAAGATCTCTAAAGTTACAACCTAGAGAGAATTTAGTGAGTTCAAATATATATGTTACATCAAAATTCTTTTACACGTTTTGTAAGATTTCTAGTTGCTTTAGCT
PEX1	chr7	-	92157621	GTCCCACCCACTACAGGCTTACGGCAGGATGCGCAGCGGGGAGAgggggcggggccgcagggggcggggccgATCGATCTCCTCCGGCTCCGACGTCCTCGGCCTGCCGGGTCCCGGGTCCTTTGCGGCGCTAGGGTGGGC	92157845	CCTTCACCAACGCTCGCGACTGCTTCCTCCACCTGCCGCGGCGTCTCGTGGCCCAGCTGCATCTGCTGCAGGTAACCTGCCGGCCCCGAGCCACCTGATCTTCAGCCTGGGGTCGGACGAGGCCGAAGCCTCTCAGGGACG
PEX1	chr7	-	92140258	ATTTAAAATCTTAAATTATTTCATCTCTGTTTCAGTACTAACTCTGCATTTATTACTTTCTTTTTAATAGGACTGAAGGAATTTTCTCTGAGTATAGTTCATTCTTGGGAAAAAGAAAAAGATAAAAATATTTTTCTGTTG	92140361	CTTGGGAAAAAGAAAAAGATAAAAATATTTTTCTGTTGAGTCCCAATTTGCTGCAGAAGACTACAATACAAGTAATAGCATGTTATTGAATATTTAATAAAATACTATTTGTTACATATGATTGATAATAAAGTATGAAGT
PEX1	chr7	-	92135562	TGCCACAATGACAGGAACTATTTCTGTGACTGAATATATTGGGAATTCCTATAAAGCAATTATTTTCTAGGGAAGTGGAAAATCAACTTTAGCCAAAGCAATCTGTAAAGAAGCATTTGACAAACTGGATGCCCATGTGGA	92135658	AGCAATCTGTAAAGAAGCATTTGACAAACTGGATGCCCATGTGGAGAGAGTTGACTGTAAAGCTTTACGAGGTATGAGTATGGTAACACTCTATATAAATCCCTTTTTCATTAGAAAGACAGGAATGTTATACATAATGCT
PEX1	chr7	-	92130821	TGATGGCATATTTTGAAAATTCATATAGTGAATATAACTAGTAAAAGAAGTTTTGTTTATTTTTAAACAGAATTAGTTTTAACAACATTGGACTTCCAAAAGGCTCTCCGCGGATTTCTTCCTGCGTCTTTGCGAAGTGTC	92130987	GTTGGGACAAGATTGGTGGGTTACATGAAGTTAGGCAGATACTCATGGATACTATCCAGTTACCTGCCAAGGTATGTTTAAAAAAAGAAAAAGTGAATACTTACTCCCAGAAGAACCACTGTATTATTGGCTTTGGCTTTA
PEX1	chr7	-	92132355	AATGAATGTATAATTTTTAAATTTCATGTTTACTTTTCCTAAGCTTTTGCACTATATTGCTTAATTCCAGCTTTGAATGATATGATAAAAGAGTTTATCTCCATGGGAAGTTTGGTTGCACTGATTGCCACAAGTCAGTCT	92132509	ATCCTTTACTTGTTTCTGCTCAAGGAGTTCACATATTTCAGTGCGTCCAACACATTCAGCCTCCTAATCAGGTAATACACTACTTGTAAGGATTATTGAATTATGTCCCTTTTATAGAAATTATTTTTCAATTTTATTAGT
PEX1	chr7	-	92129018	TTTAGCTGCTACTTAGTCATTTCTGTTTAGACTTGAGCTCTTTTTCATATTTTTTTTTTTTGTTTCTCAGTATCCAGAATTATTTGCAAACTTGCCCATACGACAAAGAACAGGAATACTGTTGTATGGTCCGCCTGGAAC	92129152	CTGGAACAGGAAAAACCTTACTAGCTGGGGTAATTGCACGAGAGAGTAGAATGAATTTTATAAGTGTCAAGGTATGTTGTCTACTTATCTTCTttttttatttaggtaaaattaacataaatgcagttagccatttcaaag
PEX1	chr7	-	92126027	ACTTAGTCAGAAACCaaatttatattttctttttaaataattttatCTCAACTCTTATTTTACCCAATAGGGGCCAGAGTTACTCAGCAAATACATTGGAGCAAGTGAACAAGCTGTTCGGGATATTTTTATTAGGTTGGT	92126091	CAATAGGGGCCAGAGTTACTCAGCAAATACATTGGAGCAAGTGAACAAGCTGTTCGGGATATTTTTATTAGGTTGGTAGCCTATGAATGTTTTTAAAGTAACTGACTCTGTTATTATTTATCAATCAGTGCTTTTTTTGGT
PEX1	chr7	-	92118607	ACAACTGGACTACCACATTTTTTTTTACATCCTTAATTTAACTCTTCGTCAATTTCTTTTTTTACTTAAGGAGGACGAATCCATGAACCAACCAGGACCAATCAAAACCAGACTGGCTATTAGTCAGTCACATTTAATGAC	92118737	CATTTAATGACTGCACTTGGTCACACAAGACCATCCATTAGTGAAGATGACTGGAAGAATTTTGCTGAGCTGTAAGTAACAGATTCTGTTTTGGAAGTACAGCTACTATTACAAGTGACATAGTATTACACTTAAACCTTT
PEX1	chr7	-	92140894	TGTTAAAATAAGGGTGTTAAAGTTAAGTTCAGATATGAGGATAATTCATTACTATTCCTTTTTCTGGCAGCCTAAAGACATAAGTGAAGAAGACATAAAAACTGTATTTTATTCATGGCTACAGCAGTCTACTACCACCAT	92141017	GCAGTCTACTACCACCATGCTTCCTTTGGTAATATCAGAGGAAGAATTTATTAAGCTGGAAACTAAAGATGGTGAGTACATTTGTTATTTTGACTTTTTTTTCTATTTAAATAGTTGTACATTTTTAATTGTTCTTGCAAC
PEX1	chr7	-	92116337	AACAATCCATTATCTTTTGTTTTGTAATGGTAGTATTTATACATATTAAATTATCTCTTTCTTTTTTCAGATATGAAAGCTTTCAAAATCCAAAGAGGAGAAAAAATCAAAGTGGAACAATGTTTCGACCTGGACAGAAAG	92116855	GCATTTGACAAATTTTATGCTTAGCAGCTTCTTCACTGTTTTGAAATAAAATATCCTATTACCTACTGATACAATTATCTGTTCTTTGTATATCAAAAAATGTGAAATTTACACATAATTCAAATACATTTAATTATCCGC
SCN1A	chr2	-	166903280	TAAATTGAAAGTTGAAGCCACCACTTAGTGAAATAATATTGAGAAATAATTCTGATATTTTTGTTTGCAGACATTACGTGCTGCTGGGAAAACGTACATGATATTTTTTGTATTGGTCATTTTCTTGGGCTCATTCTACCT	166903486	AAGCAGAACAGAAAGAGGCCGAATTTCAGCAGATGATTGAACAGCTTAAAAAGCAACAGGAGGCAGCTCAGGTAAAGCTGCCCTGTCTCATGGCACTGACCTTTTATCGTTCTGATTGTTACGTAATATTGAAGAGAAAGT
SCN1A	chr2	-	166901553	ACTTCAGCCCTTTCAAAGAAAGATACAGTCTCTTCAGGTGCTATGTTAAAATCATTTCTCTTCAATATAGCAGGCAGCAACGGCAACTGCCTCAGAACATTCCAGAGAGCCCAGTGCAGCAGGCAGGCTCTCAGACAGCTC	166901837	GGAAAGGTTTTCGCTTCTCCATTGAAGGGAACCGATTGACATATGAAAAGAGGTACTCCTCCCCACACCAGGTATGGCACTGCTGAGTTTACTGATGCATGGTTGAAAATTAAAACATGGGAGAGAGGGGGAGAATTAGAA
SCN1A	chr2	-	166872117	ATCCTTTCTTGGCAGGCAACTTATTACCAAAATTAAAGGACTTTACTTTCTATGTCCATCTCACTTACAGAAACTGAATGAAAGCAGTAGCTCATCAGAAGGTAGCACTGTGGACATCGGCGCACCTGTAGAAGAACAGCC	166872237	CGCACCTGTAGAAGAACAGCCCGTAGTGGAACCTGAAGAAACTCTTGAACCAGAAGCTTGTTTCACTGAAGGTAAAGAAAAGAATCCTAATGTTAATCTTTCATTTGGAGTGCAGCTTGTTTAGCTGTTGGTCAGCTAAAA
SCN1A	chr2	-	166868619	TAATTTTTTAAATAGCTTATGGAGTATAATTATTTTTGAAAGCTAATAATGTGTAACATTTTCTTTATAGGCATTTGAAGATATATATATTGATCAGCGAAAGACGATTAAGACGATGTTGGAATATGCTGACAAGGTTTT	166868792	AATGGGTGGCATATGGCTATCAAACATATTTCACCAATGCCTGGTGTTGGCTGGACTTCTTAATTGTTGATGTAGGTATCGTTCATATTTTTGTCTCTGTTCAAGGTAGCTTGTCTTATTTATATTCAAATTCTACAATAG
SCN1A	chr2	-	166850656	AGAAAGTACTTAATGCTAATGCACATGAGAAAACTCCTTTGTTGTTAAAAGCATTTCTATTTCTCTACAGAACAAATTTCAAGGAATGGTCTTTGACTTCGTAACCAGACAAGTTTTTGACATAAGCATCATGATTCTCAT	166850926	TCTACGCCATTATTATTTTACCATTGGATGGAATATTTTTGATTTTGTGGTTGTCATTCTCTCCATTGTAGGTAAGAAATATTTAAAGTTCTTAAATTCAGTTAAATAAAAGTGAAAGCTGAAACAATCAAGATTAGATTC
SCN1A	chr2	-	166845670	TAGAAGAAACATATGTTTATTTTAACGCATGATTTCTTCACTGGTTGGTATTCTCATTGTTTATTCATAGGTATGTTTCTTGCCGAGCTGATAGAAAAGTATTTCGTGTCCCCTACCCTGTTCCGAGTGATCCGTCTTGCT	166848932	CTATTATGCTAAATAATGCTAACCAACATTTAAAATGTGCAAAACTAATAAAGATTACATTTTTTATTTTATTGTTTGCCCAGTCACTTTTTGTTAACAGAATATTCTAATGATATGGAGATTTTTTACATTACAAATTGG
SCN1A	chr2	-	166856233	GAATATTTATTAAACATCAGGTCTAAATTATTTTTACTCCAAAGTAAAACATGCATGTCCTTCTTAATAGGCCACATTCAAAGGATGGATGGATATAATGTATGCAGCAGTTGATTCCAGAAATGTAAGTATTCCTTGTAT	166856286	CATGTCCTTCTTAATAGGCCACATTCAAAGGATGGATGGATATAATGTATGCAGCAGTTGATTCCAGAAATGTAAGTATTCCTTGTATTCTAAGTCTTTTTACAATATTGATCAGGTGGTAAAATTAATCGAATAAAGCAT
SCN1A	chr2	-	166866229	TGTATTATATAGCAACTACACATTGAATGATGATTCTGTTTATTAATTGTTATTATTTTTGTGTGTGCAGGTTTCATTGGTCAGTTTAACAGCAAATGCCTTGGGTTACTCAGAACTTGGAGCCATCAAATCTCTCAGGAC	166866351	CCATCAAATCTCTCAGGACACTAAGAGCTCTGAGACCTCTAAGAGCCTTATCTCGATTTGAAGGGATGAGGGTAAGAAAAATGAAAGAACCTGAAGTATTGTATATAGCCAAAATTAAACTAAATTAAATTTAGAAAAAGG
SCN1A	chr2	-	166911148	GTGATAAGAAATTGGTATGCTATGAAAAAACACTGTTACTTTATCAAATTTTTTGGATGCTTGTTTTCAGATACACCTTCACAGGAATATATACTTTTGAATCACTTATAAAAATTATTGCAAGGGGATTCTGTTTAGAAG	166911276	TTCTGTTTAGAAGATTTTACTTTCCTTCGGGATCCATGGAACTGGCTCGATTTCACTGTCATTACATTTGCGTAAGTGCCTTTTTTGAAACTTTAAGAGAGAACATAGTTTGGTTTTCCATCAGTGCTTATGCTTTTAAGA
SCN1A	chr2	-	166904137	ATCATAGCATAGTATCAGAGTAAAAAGGCAGCAGAACGACTTGTAATACTTTCTTTTACCCCACTTGCAGCCAATGTCCAGAGGGATATATGTGTGTGAAAGCTGGTAGAAATCCCAATTATGGCTACACAAGCTTTGATA	166904278	CCTTCAGTTGGGCTTTTTTGTCCTTGTTTCGACTAATGACTCAGGACTTCTGGGAAAATCTTTATCAACTGGTGAGAACTAAAGAGCCACACTCTCCATTTAAGTAAAAGTATACAAGAAAACCAATTGAGTTATGAAATT
SCN1A	chr2	-	166852523	TCTATTTTAACATTGAAAAAAATGTACAAAAGGACACAGTTTTAACCAGTTTGATTTTTCTTTTCTATACTTTGGAGGTCAAGACATCTTTATGACAGAAGAACAGAAGAAATACTATAATGCAATGAAAAAATTAGGATC	166852627	AGAAGAAATACTATAATGCAATGAAAAAATTAGGATCGAAAAAACCGCAAAAGCCTATACCTCGACCAGGAGTAAGAAGTATCAAATGATATGGGGGAAAAATACAAAAACAAAAACTTGCATGCTTGTCTCACAAAAAAG
SCN1A	chr2	-	166894286	CTAGGTAAAGCTCAATATATATAATGCTTTTAAGAATCATACAAATATATATTAATCTTTCATTTTCCAGCTGCGAGTTTTCAAGTTGGCAAAATCTTGGCCAACGTTAAATATGCTAATAAAGATCATCGGCAATTCCGT	166894642	GTATGGAGGTTGCTGGTCAAGCCATGTGCCTTACTGTCTTCATGATGGTCATGGTGATTGGAAACCTAGTGGTATGTACCCACTTAAGATATGCATTTTGGAAATAcaccagcatggcacatgtatacatatgtaactaac
SCN1A	chr2	-	166897741	GATATGAAATAAATGTGTGTGTATAAAGTATACCTTTTGGTGGTTCTTTTTTTTTTTTTTCTTAATCTAGAACTTGAAGAATCCAGGCAGAAATGCCCACCCTGTTGGTATAAATTTTCCAACATATTCTTAATCTGGGAC	166897979	CTCTTTTCATGGCCATGGAGCACTATCCAATGACGGACCATTTCAATAATGTGCTTACAGTAGGAAACTTGGTAAGCATATTGGAAGGTAAATGTGTTTAGTCTTCAAATTTTCTGCTTGAAAAACTGTTTACATTTAATT
SCN1A	chr2	-	166905396	CCTTCCTGTTCTCATTTGAGTGTTTTTAACAATGCAAATGTTCATCATACGACTTTCTTTTTTCAAACAGGATATCATTATTTCCTGGAGGGTTTTTTAGATGCACTACTATGTGGAAATAGCTCTGATGCAGGGTAAGTC	166905459	CAAACAGGATATCATTATTTCCTGGAGGGTTTTTTAGATGCACTACTATGTGGAAATAGCTCTGATGCAGGGTAAGTCAATAATTtgtgtgtatctgtgtatatttgtatgtacacatacatatgtgtatCTTTTCTCTCT
SCN1A	chr2	-	166915080	ACAGAAAGTAGATAACAGAGTTTAAGTGGTTTATACTTTCATACTTCTATGTTGTGTTCCTGTCTTACAGACTTTTATAGTATTGAATAAAGGGAAGGCCATCTTCCGGTTCAGTGCCACCTCTGCCCTGTACATTTTAAC	166915198	ACCTCTGCCCTGTACATTTTAACTCCCTTCAATCCTCTTAGGAAAATAGCTATTAAGATTTTGGTACATTCATATCCTTTTTCAAGTGATTAATATTAACTATTTGTACATGATCTGTAAGCACTTTATAGCTAAATATCA
SCN1A	chr2	-	166908229	GAAAATTGTGTGAAGCTTTTATTATTTCACACGTGTTAAGTCTTCATAGTAATAGACTTCTTTCTTTCAGGCCTGAAAACCATTGTGGGAGCCCTGATCCAGTCTGTGAAGAAGCTCTCAGATGTAATGATCCTGACTGTG	166908498	GAATTATAATGGTACACTTATAAATGAAACTGTCTTTGAGTTTGACTGGAAGTCATATATTCAAGATTCAAGTAAGAATTATTGTTAtgtacatttccttaaaaagtagaattggattgtttgtaacacaaaggataaata
SCN1A	chr2	-	166892558	AATAAGTGATTGTAATCTGCTCTTCCCTACATTGGTGTAAAATTATAATCATGTTTTTGTTGTTTTTAAGGTCCTGAATCTCTTTCTGGCCTTGCTTCTGAGCTCATTTAGTGCAGACAACCTTGCAGCCACTGATGATGA	166893040	GAGAATCTGACTTTGAAAATTTAAACACGGAAGACTTTAGTAGTGAATCGGATCTGGAAGAAAGCAAAGAGGTAAGATTCTATAGGTGTGGGAAGGTATGAatacatatacatatatacatatacacacatacagatgatc
SCN1A	chr2	-	166909362	AGGCTCTTTGTACCTACAGCTTTTTCTTTGTGTCCTGTTTTTGTGTTTGTGTGTGAACTCCCTATTACAGGTACGTCACAGAGTTTGTGGACCTGGGCAATGTCTCGGCATTGAGAACATTCAGAGTTCTCCGAGCATTGA	166909453	CCTGGGCAATGTCTCGGCATTGAGAACATTCAGAGTTCTCCGAGCATTGAAGACGATTTCAGTCATTCCAGGTGAGAGCAAGGTTAGATAATGAGACGGACCCATCATGTGATTCAGCATCCTTCTCTGCTTGACATTCAG
SCN1A	chr2	-	166858982	CTAGGGGAATTTTTTTTCTTTATTAACAGATAAGAATTCTGACTTTTCTTTTTTTCCATTTGTGTATTAGGTGGTTGTGAATGCCCTTTTAGGAGCAATTCCATCCATCATGAATGTGCTTCTGGTTTGTCTTATATTCTG	166859263	CTGCTCGATGGAAAAATGTGAAAGTAAACTTTGATAATGTAGGATTTGGGTATCTCTCTTTGCTTCAAGTTGTAAGTGAACACTATTTTCTCTGAATATTTTTATTGTTTGGAATAATAACAAAATAATGACATACATCTA
SCN1A	chr2	-	166898802	CACCATTTGGTTGTTTGCTTGTCATATTGCTCAAATTAATTGTTTAATGCATTAGCATTTTTTTTTACAGGGAACAACCACTGAAACTGAAATGAGAAAGAGAAGGTCAAGTTCTTTCCACGTTTCCATGGACTTTCTAGA	166898934	CTTTCTAGAAGATCCTTCCCAAAGGCAACGAGCAATGAGTATAGCCAGCATTCTAACAAATACAGTAGAAGGTTGGTAACAAATTCTATTTTCGTTTCAATTATTTTCACCAAACTTATATTGTCTCATTTCAAACAAATA
SCN1A	chr2	-	166895933	TCTAAGAGCAAATCTTATGTCATGTATGTTATTATCTGGTGGAATTAGATTAATTTTGTTTTGATCTTAGGTTTTCACTGGGATCTTTACAGCAGAAATGTTTCTGAAAATTATTGCCATGGATCCTTACTATTATTTCCA	166896106	TGACGCTTAGCCTGGTAGAACTTGGACTCGCCAATGTGGAAGGATTATCTGTTCTCCGTTCATTTCGATTGGTAAAAAAAAAAAAAAAAAGCACCAAATTCAAAAACCTTTCTAACAATCAGGGTTCTTGCATAGCAATGT
SCN1A	chr2	-	166912921	AATGTTAGCTTTTTGTAATATAACACTTGGATTTTGATTTTCTTTTGTGTGTTCCTTAACAATAACCTACATTATTCAGCATGCTAATTATGTGCACTATTTTGACAAACTGTGTGTTTATGACAATGAGTAACCCTCCTG	166913010	ATGTGCACTATTTTGACAAACTGTGTGTTTATGACAATGAGTAACCCTCCTGATTGGACAAAGAATGTAGAGTAAGTTCAACTTATATTTTTAATAACATATATACATTTGGGATTTTGAAACTGTGTCTTAATGTAGTCT
SCN1A	chr2	-	166870254	AAGGACATTGCTAAAGGATATTATGGAAGCAGAGACACTTTATCTACTTTTATTTCAACACTTTCTGCAGGCTGTGTACAAAGATTCAAGTGTTGTCAAATCAATGTGGAAGAAGGCAGAGGAAAACAATGGTGGAACCTG	166870408	TCCGAATAGTTGAACATAACTGGTTTGAGACCTTCATTGTTTTCATGATTCTCCTTAGTAGTGGTGCTCTGGTGAGTGAGATTAAGAAAAGGTGATACAGCACTAATTTTTAGAACACTCTAATACTGATGACTTATTAAT
SCN1A	chr2	-	166854548	AAAAAGCACCAGTGACATTTCCAGCACTAAAATGTATGGTAATATTTTACAAAATATTCCCCTTTGGTAGGTGGAACTCCAGCCTAAGTATGAAGAAAGTCTGTACATGTATCTTTACTTTGTTATTTTCATCATCTTTGG	166854685	TTGGGTCCTTCTTCACCTTGAACCTGTTTATTGGTGTCATCATAGATAATTTCAACCAGCAGAAAAAGAAGATAAGTATTTCTAATATTTTCTCTCCCACTGAGATAGAAAATTATTCCTTGGAGTGTTTTCTCTGCCAAA