Gene	Chromosome	Strand	Exon_start	MES_acceptor_seq	NNSplice_acceptor_seq	ASSP/HSF_acceptor_seq	Exon_end	MES_donor_seq	NNSplice_donor_seq	ASSP/HSF_donor_seq
PLP1	chrX	+	103031439	CCTGTTGGGGCTCTCACTTCATG	CCCTGTTGGGGCTCTCACTTCATGGCTTCTCACGCTTGTGC	AGATTCGGAAGGACTTTGGGAGCTAATATCTAGGTTTTTGACTCTGAGCCCCTGTTGGGGCTCTCACTTCATGGCTTCTCACGCTTGTGCTGCATATCCCACACCAATTAGACCCAAGGATCAGTTGGAAGTTTCCAGGAC	103031575	CAGGCAAGC	ATTCCAGGCAAGCCT	AGGACATCTTCATTTTATTTCCACCCTCAATCCACATTTCCAGATGTCTCTGCAGCAAAGCGAAATTCCAGGCAAGCCTTAGGGAAAAAAGGAAAAACAAAGAAAATGAAACAATTGGCAGTGAAAGGCAGAAAGAGAAGA
PLP1	chrX	+	103031781	GAAAGCCCTTTTCATTGCAGGAG	AGAAAGCCCTTTTCATTGCAGGAGAAGAGGACAAAGATACT	gaggaggaggAAAGCAGGCCTGTCCCTTTAAGGGGGTTGGCTGTCAATCAGAAAGCCCTTTTCATTGCAGGAGAAGAGGACAAAGATACTCAGAGAGAAAAAGTAAAAGACCGAAGAAGGAGGCTGGAGAGACCAGGATCC	103031927	TGGGTAAGT	GACATGGGTAAGTTT	GCTGAACAAAGTCAGCCACAAAGCAGACTAGCCAGCCGGCTACAATTGGAGTCAGAGTCCCAAAGACATGGGTAAGTTTCAAAAACTTTAGCATTGAAGATTCAAGAGGACACAGGAATTCACAAGAGAATTTCCAACTTT
PLP1	chrX	+	103041394	TTGTCTACCTGTTAATGCAGGAT	TTTGTCTACCTGTTAATGCAGGATCCATGCCTTCCAGTATG	ATGTCGGGAAAGAAGCCAGGTCTTCAATTAATAAGATTCCCTGGTCTCGTTTGTCTACCTGTTAATGCAGGATCCATGCCTTCCAGTATGTCATCTATGGAACTGCCTCTTTCTTCTTCCTTTATGGGGCCCTCCTGCTGG	103041550	ACGGTAACA	CGCAACGGTAACAGG	CCACCGGCGCAGTCAGGCAGATCTTTGGCGACTACAAGACCACCATCTGCGGCAAGGGCCTGAGCGCAACGGTAACAGGGGGCCAGAAGGGGAGGGGTTCCAGAGGCCAACATCAAGCTCATTCTTTGGAGCGGGTGTGTC
PLP1	chrX	+	103031754	CCCTTTAAGGGGGTTGGCTGTCA	TCCCTTTAAGGGGGTTGGCTGTCAATCAGAAAGCCCTTTTC	ggaaaaggggaggagaagggaggaggagaggaggaggAAAGCAGGCCTGTCCCTTTAAGGGGGTTGGCTGTCAATCAGAAAGCCCTTTTCATTGCAGGAGAAGAGGACAAAGATACTCAGAGAGAAAAAGTAAAAGACCGA	103031927	TGGGTAAGT	GACATGGGTAAGTTT	GCTGAACAAAGTCAGCCACAAAGCAGACTAGCCAGCCGGCTACAATTGGAGTCAGAGTCCCAAAGACATGGGTAAGTTTCAAAAACTTTAGCATTGAAGATTCAAGAGGACACAGGAATTCACAAGAGAATTTCCAACTTT
PLP1	chrX	+	103041394	TTGTCTACCTGTTAATGCAGGAT	TTTGTCTACCTGTTAATGCAGGATCCATGCCTTCCAGTATG	ATGTCGGGAAAGAAGCCAGGTCTTCAATTAATAAGATTCCCTGGTCTCGTTTGTCTACCTGTTAATGCAGGATCCATGCCTTCCAGTATGTCATCTATGGAACTGCCTCTTTCTTCTTCCTTTATGGGGCCCTCCTGCTGG	103041655	AAGGTGATC	CGACAAGGTGATCAT	GCCAACATCAAGCTCATTCTTTGGAGCGGGTGTGTCATTGTTTGGGAAAATGGCTAGGACATCCCGACAAGGTGATCATCCTCAGGATTTTGTGGCAATAACAAGGGGTGGGGGAAAATTGGGCGCGAGTCTGTGGCCTCG
ALDH7A1	chr5	-	125889979	CCTTCCTTTTCTCTCTCCAGCTA	CTTCCTTTTCTCTCTCCAGCTAATGTTCTCTATGGGCCACT	AGCTGTTCTAATAATAAAACGATGCCATAAAGGGCAAAATGATGAGCCAGCCTTCCTTTTCTCTCTCCAGCTAATGTTCTCTATGGGCCACTCCACACCAAGCAGGCAGTGAGCATGTTTCTTGGAGCAGTGGAAGAAGCA	125890085	AAGGTAAGG	GGGGGCAAGGTAAGG	CAGTGAGCATGTTTCTTGGAGCAGTGGAAGAAGCAAAGAAAGAAGGTGGCACAGTGGTCTATGGGGGCAAGGTAAGGGATGCTCTGAGATCAATTGTGACAGCTTTTTAACCTTCTTTTCCCTGAGACACAAGCAGGGCTC
ALDH7A1	chr5	-	125891623	GAATATCTTTTTTCGTTTAGTTT	AATATCTTTTTTCGTTTAGTTTATACATGAAAGCATCCATG	GGAAATTATTCATTGTTTAAAAATGTGTGCATTTATCATACTATGCCCTTGAATATCTTTTTTCGTTTAGTTTATACATGAAAGCATCCATGATGAGGTTGTAAACAGACTTAAAAAGGCCTATGCACAGATCCGAGTTGG	125891707	ACCGTGAGT	CATGGGACCGTGAGT	CATCCATGATGAGGTTGTAAACAGACTTAAAAAGGCCTATGCACAGATCCGAGTTGGGAACCCATGGGACCGTGAGTATCTCCTTCTGCTTTCAAAGCGATCCCTTTTTGAGAGCTGTTGTTAACAAGTGTTTCTGATCTG
ALDH7A1	chr5	-	125889979	CCTTCCTTTTCTCTCTCCAGCTA	CTTCCTTTTCTCTCTCCAGCTAATGTTCTCTATGGGCCACT	AGCTGTTCTAATAATAAAACGATGCCATAAAGGGCAAAATGATGAGCCAGCCTTCCTTTTCTCTCTCCAGCTAATGTTCTCTATGGGCCACTCCACACCAAGCAGGCAGTGAGCATGTTTCTTGGAGCAGTGGAAGAAGCA	125890085	AAGGTAAGG	GGGGGCAAGGTAAGG	CAGTGAGCATGTTTCTTGGAGCAGTGGAAGAAGCAAAGAAAGAAGGTGGCACAGTGGTCTATGGGGGCAAGGTAAGGGATGCTCTGAGATCAATTGTGACAGCTTTTTAACCTTCTTTTCCCTGAGACACAAGCAGGGCTC
ALDH7A1	chr5	-	125891623	GAATATCTTTTTTCGTTTAGTTT	AATATCTTTTTTCGTTTAGTTTATACATGAAAGCATCCATG	GGAAATTATTCATTGTTTAAAAATGTGTGCATTTATCATACTATGCCCTTGAATATCTTTTTTCGTTTAGTTTATACATGAAAGCATCCATGATGAGGTTGTAAACAGACTTAAAAAGGCCTATGCACAGATCCGAGTTGG	125891707	ACCGTGAGT	CATGGGACCGTGAGT	CATCCATGATGAGGTTGTAAACAGACTTAAAAAGGCCTATGCACAGATCCGAGTTGGGAACCCATGGGACCGTGAGTATCTCCTTCTGCTTTCAAAGCGATCCCTTTTTGAGAGCTGTTGTTAACAAGTGTTTCTGATCTG
NIPBL	chr5	+	37063892	ATAATATCTGTTTTTTGTAGTTC	AATAATATCTGTTTTTTGTAGTTCAAACTTCTCATGGAACA	CATTTAGGAATTTGACAATCTTGCTTGAAATATTTACTTAAAATTCTGAAATAATATCTGTTTTTTGTAGTTCAAACTTCTCATGGAACATCTGGACCCTGATGAAGAAGAAGAAGAAGGGGAGGTTTCAGCTAGCACAAA	37065921	TTATTCCTT	TAGTTTATTCCTTGT	ATATATGATTTAGCACTGTGCCAAACACATTTTCAAGAGTACATTTTGATATAAAAAGAAACTATAGTTTATTCCTTGTATGCTTCAATTTCTTTCTAGTGATGTCATGATGCTGATATTTATTCTTTAAACCTCGGGTAA
NIPBL	chr5	+	37064629	CCCCCCTCCCAATGTTTTAGTCA	TCCCCCCTCCCAATGTTTTAGTCATTGAGAAGGTCAAAACG	AAAAACAATAATTTCACTAAAATTCTTTTGTGTAACACTTGGTCTTTTTTCCCCCCTCCCAATGTTTTAGTCATTGAGAAGGTCAAAACGAAATTCAGACTCTACGGAGTTGGCAGCACAGATGAATGAAAGTGTTGACGT	37065921	TTATTCCTT	TAGTTTATTCCTTGT	ATATATGATTTAGCACTGTGCCAAACACATTTTCAAGAGTACATTTTGATATAAAAAGAAACTATAGTTTATTCCTTGTATGCTTCAATTTCTTTCTAGTGATGTCATGATGCTGATATTTATTCTTTAAACCTCGGGTAA
NIPBL	chr5	+	37063892	ATAATATCTGTTTTTTGTAGTTC	AATAATATCTGTTTTTTGTAGTTCAAACTTCTCATGGAACA	CATTTAGGAATTTGACAATCTTGCTTGAAATATTTACTTAAAATTCTGAAATAATATCTGTTTTTTGTAGTTCAAACTTCTCATGGAACATCTGGACCCTGATGAAGAAGAAGAAGAAGGGGAGGTTTCAGCTAGCACAAA	37064080	GGGGTGAGG	TTCAGGGGTGAGGCG	AAAATAATACAGCAGCAGAGACAGAAGATGATGAAAGTGATGGGGAGGATAGAGGAGGAGGCACTTCAGGGGTGAGGCGGAGGAGGAGTCAACGTATTTCGCAGCGTATTACGTAAAATGATTTTTATGTGCTTATATATG
SCN1A	chr2	-	166900212	TTGCTCTTTCAAACTTCTAGTCT	TGCTCTTTCAAACTTCTAGTCTTTGTTGAGCATCCGTGGCT	TGCAAAATGAAATCACATTCAAATGTCCATATTAATATGACTTTATTTGTTTGCTCTTTCAAACTTCTAGTCTTTGTTGAGCATCCGTGGCTCCCTATTTTCACCAAGGCGAAATAGCAGAACAAGCCTTTTCAGCTTTAG	166900559	GAGGTGATA	CTGCCAGAGGTGATA	GCAATGGTGTGGTTTCCTTGGTTGGTGGACCTTCAGTTCCTACATCGCCTGTTGGACAGCTTCTGCCAGAGGTGATAATAGATAAGCCAGCTACTGATGACAATGTAAGGAAGTTTTAAATAGTTCAGGCATGGCTGGCTC
SCN1A	chr2	-	167005557	AGACACACTGCTGGCCTGTGGAA	GACACACTGCTGGCCTGTGGAAACTCATGGAACTGTTCCTC	TCCCCAGCACTGGTGCTTCGTTATGTAAGGCTGTCTAGGTCAAGTGTAGGAGACACACTGCTGGCCTGTGGAAACTCATGGAACTGTTCCTCCAGATTAACACTTCAGGGGTTATGGAAGCTGGAGGAAGCTGAGCTTTTA	167005642	GGGGTAAAT	CTTTTGGGGGTAAAT	GTTCCTCCAGATTAACACTTCAGGGGTTATGGAAGCTGGAGGAAGCTGAGCTTTTACTACATCTTTTGGGGGTAAATATTTTTGCATGTTTCAGCAGTTTATGTACTACAGTCTTGGCAGATGCCTGTCAGTCATGCTGAG
SCN1A	chr2	-	166900179	TTGCTCTTTCAAACTTCTAGTCT	TGCTCTTTCAAACTTCTAGTCTTTGTTGAGCATCCGTGGCT	TGCAAAATGAAATCACATTCAAATGTCCATATTAATATGACTTTATTTGTTTGCTCTTTCAAACTTCTAGTCTTTGTTGAGCATCCGTGGCTCCCTATTTTCACCAAGGCGAAATAGCAGAACAAGCCTTTTCAGCTTTAG	166900559	AATGTAAGG	GATGACAATGTAAGG	CAGTTCCTACATCGCCTGTTGGACAGCTTCTGCCAGAGGTGATAATAGATAAGCCAGCTACTGATGACAATGTAAGGAAGTTTTAAATAGTTCAGGCATGGCTGGCTCACTATTGCTGCACCAGCCAGTGTTTCTACAGAA
SCN1A	chr2	-	166900263	TTGCTCTTTCAAACTTCTAGTCT	TGCTCTTTCAAACTTCTAGTCTTTGTTGAGCATCCGTGGCT	TGCAAAATGAAATCACATTCAAATGTCCATATTAATATGACTTTATTTGTTTGCTCTTTCAAACTTCTAGTCTTTGTTGAGCATCCGTGGCTCCCTATTTTCACCAAGGCGAAATAGCAGAACAAGCCTTTTCAGCTTTAG	166900559	TTGGTTGGT	GTTTCCTTGGTTGGT	GGATGCTGGCAGTGTTTCCAGCGAATGGGAAGATGCACAGCACTGTGGATTGCAATGGTGTGGTTTCCTTGGTTGGTGGACCTTCAGTTCCTACATCGCCTGTTGGACAGCTTCTGCCAGAGGTGATAATAGATAAGCCAG
SCN1A	chr2	-	166929868	GCAGAATAAATGGTAATTAAAAT	CAGAATAAATGGTAATTAAAATGTGCAGGATGACAAGATGG	AGTCCACTCTTTAAAATATCTGTATTCCTTTTATTTTAGGAATTTCATATGCAGAATAAATGGTAATTAAAATGTGCAGGATGACAAGATGGAGCAAACAGTGCTTGTACCACCAGGACCTGACAGCTTCAACTTCTTCAC	166930149	AAAGTGAGT	AATAAGAAAGTGAGT	ATGGAGACATTCCTCCAGAGATGGTGTCAGAGCCCCTGGAGGACCTGGACCCCTACTATATCAATAAGAAAGTGAGTGTTTTTTATCAGGCATATTTTGCTGCTAATTGCCTACTGCATTCCTTGGACTGTTGTAGCACCA
SCN1A	chr2	-	166934220	gacatcttggttgcttccaggtt	acatcttggttgcttccaggtttgggcaattatgaataagg	ttccattgtctggatgtaccacaggttatttatccattcacctactgaaggacatcttggttgcttccaggtttgggcaattatgaataaggctgctgtatacatccgtgtgcaggattttgtgtggacataagttttcaa	166934311	aaggtatgc	aatcctaaggtatgc	gctgctgtatacatccgtgtgcaggattttgtgtggacataagttttcaactcctttggttaaatcctaaggtatgcaattgctggatcatatggtaagagtatgtttggtttttaagaaactgctaaactgtcttccaag
SCN1A	chr2	-	166929868	CTGTATTCCTTTTATTTTAGGAA	TGTATTCCTTTTATTTTAGGAATTTCATATGCAGAATAAAT	TGACAAGAATTTATTTATATTAACATCTCTTAGTCCACTCTTTAAAATATCTGTATTCCTTTTATTTTAGGAATTTCATATGCAGAATAAATGGTAATTAAAATGTGCAGGATGACAAGATGGAGCAAACAGTGCTTGTAC	166930180	AAAGTGAGT	AATAAGAAAGTGAGT	ATGGAGACATTCCTCCAGAGATGGTGTCAGAGCCCCTGGAGGACCTGGACCCCTACTATATCAATAAGAAAGTGAGTGTTTTTTATCAGGCATATTTTGCTGCTAATTGCCTACTGCATTCCTTGGACTGTTGTAGCACCA
SCN1A	chr2	-	166900212	TTGCTCTTTCAAACTTCTAGTCT	TGCTCTTTCAAACTTCTAGTCTTTGTTGAGCATCCGTGGCT	TGCAAAATGAAATCACATTCAAATGTCCATATTAATATGACTTTATTTGTTTGCTCTTTCAAACTTCTAGTCTTTGTTGAGCATCCGTGGCTCCCTATTTTCACCAAGGCGAAATAGCAGAACAAGCCTTTTCAGCTTTAG	166900559	GAGGTGATA	CTGCCAGAGGTGATA	GCAATGGTGTGGTTTCCTTGGTTGGTGGACCTTCAGTTCCTACATCGCCTGTTGGACAGCTTCTGCCAGAGGTGATAATAGATAAGCCAGCTACTGATGACAATGTAAGGAAGTTTTAAATAGTTCAGGCATGGCTGGCTC
SCN1A	chr2	-	167005557	AGACACACTGCTGGCCTGTGGAA	GACACACTGCTGGCCTGTGGAAACTCATGGAACTGTTCCTC	TCCCCAGCACTGGTGCTTCGTTATGTAAGGCTGTCTAGGTCAAGTGTAGGAGACACACTGCTGGCCTGTGGAAACTCATGGAACTGTTCCTCCAGATTAACACTTCAGGGGTTATGGAAGCTGGAGGAAGCTGAGCTTTTA	167005642	GGGGTAAAT	CTTTTGGGGGTAAAT	GTTCCTCCAGATTAACACTTCAGGGGTTATGGAAGCTGGAGGAAGCTGAGCTTTTACTACATCTTTTGGGGGTAAATATTTTTGCATGTTTCAGCAGTTTATGTACTACAGTCTTGGCAGATGCCTGTCAGTCATGCTGAG
SCN1A	chr2	-	166900179	TTGCTCTTTCAAACTTCTAGTCT	TGCTCTTTCAAACTTCTAGTCTTTGTTGAGCATCCGTGGCT	TGCAAAATGAAATCACATTCAAATGTCCATATTAATATGACTTTATTTGTTTGCTCTTTCAAACTTCTAGTCTTTGTTGAGCATCCGTGGCTCCCTATTTTCACCAAGGCGAAATAGCAGAACAAGCCTTTTCAGCTTTAG	166900559	AATGTAAGG	GATGACAATGTAAGG	CAGTTCCTACATCGCCTGTTGGACAGCTTCTGCCAGAGGTGATAATAGATAAGCCAGCTACTGATGACAATGTAAGGAAGTTTTAAATAGTTCAGGCATGGCTGGCTCACTATTGCTGCACCAGCCAGTGTTTCTACAGAA
SCN1A	chr2	-	166900263	TTGCTCTTTCAAACTTCTAGTCT	TGCTCTTTCAAACTTCTAGTCTTTGTTGAGCATCCGTGGCT	TGCAAAATGAAATCACATTCAAATGTCCATATTAATATGACTTTATTTGTTTGCTCTTTCAAACTTCTAGTCTTTGTTGAGCATCCGTGGCTCCCTATTTTCACCAAGGCGAAATAGCAGAACAAGCCTTTTCAGCTTTAG	166900559	TTGGTTGGT	GTTTCCTTGGTTGGT	GGATGCTGGCAGTGTTTCCAGCGAATGGGAAGATGCACAGCACTGTGGATTGCAATGGTGTGGTTTCCTTGGTTGGTGGACCTTCAGTTCCTACATCGCCTGTTGGACAGCTTCTGCCAGAGGTGATAATAGATAAGCCAG
SCN1A	chr2	-	166929868	GCAGAATAAATGGTAATTAAAAT	CAGAATAAATGGTAATTAAAATGTGCAGGATGACAAGATGG	AGTCCACTCTTTAAAATATCTGTATTCCTTTTATTTTAGGAATTTCATATGCAGAATAAATGGTAATTAAAATGTGCAGGATGACAAGATGGAGCAAACAGTGCTTGTACCACCAGGACCTGACAGCTTCAACTTCTTCAC	166930149	AAAGTGAGT	AATAAGAAAGTGAGT	ATGGAGACATTCCTCCAGAGATGGTGTCAGAGCCCCTGGAGGACCTGGACCCCTACTATATCAATAAGAAAGTGAGTGTTTTTTATCAGGCATATTTTGCTGCTAATTGCCTACTGCATTCCTTGGACTGTTGTAGCACCA
SCN1A	chr2	-	166934220	gacatcttggttgcttccaggtt	acatcttggttgcttccaggtttgggcaattatgaataagg	ttccattgtctggatgtaccacaggttatttatccattcacctactgaaggacatcttggttgcttccaggtttgggcaattatgaataaggctgctgtatacatccgtgtgcaggattttgtgtggacataagttttcaa	166934311	aaggtatgc	aatcctaaggtatgc	gctgctgtatacatccgtgtgcaggattttgtgtggacataagttttcaactcctttggttaaatcctaaggtatgcaattgctggatcatatggtaagagtatgtttggtttttaagaaactgctaaactgtcttccaag
SCN1A	chr2	-	166929868	CTGTATTCCTTTTATTTTAGGAA	TGTATTCCTTTTATTTTAGGAATTTCATATGCAGAATAAAT	TGACAAGAATTTATTTATATTAACATCTCTTAGTCCACTCTTTAAAATATCTGTATTCCTTTTATTTTAGGAATTTCATATGCAGAATAAATGGTAATTAAAATGTGCAGGATGACAAGATGGAGCAAACAGTGCTTGTAC	166930180	AAAGTGAGT	AATAAGAAAGTGAGT	ATGGAGACATTCCTCCAGAGATGGTGTCAGAGCCCCTGGAGGACCTGGACCCCTACTATATCAATAAGAAAGTGAGTGTTTTTTATCAGGCATATTTTGCTGCTAATTGCCTACTGCATTCCTTGGACTGTTGTAGCACCA
PLA2G6	chr22	-	38577791	ATCACGTGGCCCGAGGCCCGTTT	TCACGTGGCCCGAGGCCCGTTTGTTTGCGGAAGTAGGAGGA	GAGGCCTGGGACAGGGCCACCAGTGATTGGCGGAGAGCGGTGGTCAGGCCATCACGTGGCCCGAGGCCCGTTTGTTTGCGGAAGTAGGAGGAAGTAGAAGTGCTGAGTAAGCCGAGGTGAGTGACCTCGCGGGTGGGCGGG	38577836	GAGGTGAGT	TAAGCCGAGGTGAGT	AGGCCATCACGTGGCCCGAGGCCCGTTTGTTTGCGGAAGTAGGAGGAAGTAGAAGTGCTGAGTAAGCCGAGGTGAGTGACCTCGCGGGTGGGCGGGGCCTGGGGGTCCGTTCCCCAACTTCCTCGGCGCTCCGGACTCCCA
PLA2G6	chr22	-	38524276	CTTCCCCAAACCATGACAAGTTG	TTCCCCAAACCATGACAAGTTGTCACCAGGAAGGCGATCTT	GGGCCTCTCCTTTGCATGTTGACATCATTTCTGATCCTGTGCCATCTCCCCTTCCCCAAACCATGACAAGTTGTCACCAGGAAGGCGATCTTGACTCTGCTGAGAACCGTGGGGGCCGAATACTGCTTCCCACCCATCCAC	38524437	TAGGTAGGC	ACAACCTAGGTAGGC	CTCTGCAGCGCCACATCATCCCTTCTCCCTGGAAAGAGCTCAGCCCCCACCGATCAGCCTAAACAACCTAGGTAGGCCTCGCCTCCCGACTCCCTCTTCTCCAGCTGGTTCCCAGGCCCCTGGATCACAGCAGGCCCCACC
PLA2G6	chr22	-	38577671	CTCGCGGGTGGGCGGGGCCTGGG	TCGCGGGTGGGCGGGGCCTGGGGGTCCGTTCCCCAACTTCC	TTGCGGAAGTAGGAGGAAGTAGAAGTGCTGAGTAAGCCGAGGTGAGTGACCTCGCGGGTGGGCGGGGCCTGGGGGTCCGTTCCCCAACTTCCTCGGCGCTCCGGACTCCCAAGTCTCCGCCGGACCCTCCTTTGGATATTC	38577761	GAGGCATGT	GATTCTGAGGCATGT	CCTCGGCGCTCCGGACTCCCAAGTCTCCGCCGGACCCTCCTTTGGATATTCCTCGTGTCTCCGATTCTGAGGCATGTCCTCCATTAACCCTTATGTGACTCCCTGAGTGCCCCCACCTTCCATCTTTTCATCCCCCTGCGT
DYSF	chr2	+	71680753	TAGTCCAGCCCCCGGCCATCGCG	CTAGTCCAGCCCCCGGCCATCGCGGCCGCCGCCCAGCCAGG	TTTCTCCTGTCCAAGAGCGAGATCTGGGCTACGCCGGGCGCCCGGAGCCCTAGTCCAGCCCCCGGCCATCGCGGCCGCCGCCCAGCCAGGTGCAAAATGCCGTGTCATTGGGAGACTCCGCAGCCGGAGCATTAGATTACA	71681216	CAGGTAGGA	TTTGCAGGTAGGAGG	CCTCTATGCCGAGAACGTCCACACACCCGACACCGACATCAGCGATGCCTACTGCTCCGCGGTGTTTGCAGGTAGGAGGGGCCGACCACCCTCGCCCGGGGTCGGGGTGGGGTAGAGGAGGGGACGCCGCGGCTCTCAACC
DYSF	chr2	+	71776480	TCCATTTCTTTACGCTTCAGAGG	TTCCATTTCTTTACGCTTCAGAGGAGCCTGCAGGTGCTGTC	CTGTTCATGTAACCCGTCCTTCTCCCAGCCATGCCCACCCTAACCCCTTTTCCATTTCTTTACGCTTCAGAGGAGCCTGCAGGTGCTGTCAAGCCTTCGAAAGCCTCAGACTGTACGTTGCTGTCACCTTGGGGACAACCA	71776521	ACTGTACGT	TCAGACTGTACGTTG	AACCCCTTTTCCATTTCTTTACGCTTCAGAGGAGCCTGCAGGTGCTGTCAAGCCTTCGAAAGCCTCAGACTGTACGTTGCTGTCACCTTGGGGACAACCAGGGGAGTGGGGCCTTGGGTTTTGGCTAGAGGGGCGAGGGTG
DYSF	chr2	+	71693832	TCTCCCAGGCATTGGTCACTTCT	CTCTCCCAGGCATTGGTCACTTCTCCGCGGAGGAGCAGCGA	CCGGAGGGGGAGGGTCCGCCCAGCGGGTGTCCGGTGTCCTCCCTGCAGCCTCTCCCAGGCATTGGTCACTTCTCCGCGGAGGAGCAGCGAAGGCGACAGCTCTCTTGGCGCGGCTGCCTGGGAGCCGGGCGCTTGCTGGGT	71694063	GAGGTGAGA	TTCCGAGGTGAGAGC	GAGGGCCAGCAACCTCCCCAGTGCGAAGAAGGACCGGCGCAGCGACCCTGTCGCAAGCCTGACTTTCCGAGGTGAGAGCCCCGTGGCTGCCGCGCCCATGCTCGGGTGCTACCCGACTCTCGGCGCTCACTGGCGGGTCTG
DYSF	chr2	+	71847677	CCAGCATGTTTCATTTGTAGCTT	ACCAGCATGTTTCATTTGTAGCTTGCAGACGGTCTGTCGAG	TGGAGACTGTCCAGCCTTCCCTAAAGTGGGTTCTCTAATCCTGTTGCTAACCAGCATGTTTCATTTGTAGCTTGCAGACGGTCTGTCGAGCTTGGCCCCCACTAACACGGCTTCTCCTCCATCCAGTCCTCATGTATGTAC	71847739	CATGTATGT	TCCTCATGTATGTAC	ATTTGTAGCTTGCAGACGGTCTGTCGAGCTTGGCCCCCACTAACACGGCTTCTCCTCCATCCAGTCCTCATGTATGTACTGTTTACTTATTTGTGGGCTCCTTGTATTCCCTTGTGGGGCTgggggtaggggggttaggag
DYSF	chr2	+	71740370	ATGCCCTGCCCACAAGACAGGCG	TATGCCCTGCCCACAAGACAGGCGGGGGACAGAGCCGGGCC	CAGTAGGTTGGTTTCCTTCACCCCAACCTCCTCCCTCCCCTCCCGGGGTTATGCCCTGCCCACAAGACAGGCGGGGGACAGAGCCGGGCCGAGACTTGGTCCCTGCTCAGTGACAGCACCATGGACACGAGATACTCTGGA	71740462	CGGGTGAGA	CCCACGGGTGAGACA	GACTTGGTCCCTGCTCAGTGACAGCACCATGGACACGAGATACTCTGGAAAGAAGTGGCCGGCCCCCACGGGTGAGACACGGGCCAGGACTGTCCTGATCCCAGACCCTCCCTGTAACTGTCTCACTAGCTGCCATGGTCA
SIGMAR1	chr9	-	34637604	CCGGGCCGCTCCGATTGGTCAGG	CGGGCCGCTCCGATTGGTCAGGGCGAGCCGTACCACGGCGG	CCGTGCTCCCCCCGAGGAAATGGTTCAACCGAAGGGCGGTGCCAAGGTGCCCGGGCCGCTCCGATTGGTCAGGGCGAGCCGTACCACGGCGGTGGCGGGGGAGCGCTTCGTGGGCAGCCGGCGGGCTCCGAGGCCGTGAGC	34637823	TGGGTACGC	TCTGGCTGGGTACGC	GCGGTGGGCGTGGGCCGCGCTGCTCCTGGCTGTCGCAGCGGTGCTGACCCAGGTCGTCTGGCTCTGGCTGGGTACGCAGAGCTTCGTCTTCCAGCGCGAAGAGATAGCGCAGTTGGCGCGGCAGTACGCTGGTGAGCGGGC
SIGMAR1	chr9	-	34637217	CGCCCCTCTGCCTCCGCCAGGGC	GCCCCTCTGCCTCCGCCAGGGCTGGACCACGAGCTGGCCTT	TCCGAAGGCGCCATCCCCGGACCTAGGACCGGTGCCAGCCCTGACTCCGCCGCCCCTCTGCCTCCGCCAGGGCTGGACCACGAGCTGGCCTTCTCTCGTCTGATCGTGGAGCTGCGGCGGCTGCACCCAGGCCACGTGCTG	34637417	CGGGTCAGT	GCCACTCGGGTCAGT	CCTTCTGCACGCCTCGCTGTCCGAGTATGTGCTGCTCTTCGGCACCGCCTTGGGCTCCCGCGGCCACTCGGGTCAGTGCTAGCGGCGGGCCAGACTGGGAGGCTGGGGTTGTAAAGGGGCCCATGCCCTCCTTTCTGATGT
SIGMAR1	chr9	-	34634719	CCACCTACCTCTTTGGCCAGGAC	CACCTACCTCTTTGGCCAGGACCCTTGACCAGCCAGGCCTG	CCTCTTCTATACTCTTCGCTCCTATGCTCGGGGCCTCCGGCTTGAGCTCACCACCTACCTCTTTGGCCAGGACCCTTGACCAGCCAGGCCTGAAGGAAGACCTGCGGATAGACAGGAGCGGGCAGGCCCGCACATATCCAC	34635637	CCATCTTTT	TCTGTTCCATCTTTT	TCACACAGCCCCTGCTGCATTCTCTGTCCATCTGTCTGTTTCTATTAATAAAGATTTGTTGATCTGTTCCATCTTTTTGTGTGTCTGAGCAGCCGGAAAAAGCCTCTGACCCCTGGGGACCTCAGGAAGATCTCTCTCTTG
SIGMAR1	chr9	-	34637264	CGCCCCTCTGCCTCCGCCAGGGC	GCCCCTCTGCCTCCGCCAGGGCTGGACCACGAGCTGGCCTT	TCCGAAGGCGCCATCCCCGGACCTAGGACCGGTGCCAGCCCTGACTCCGCCGCCCCTCTGCCTCCGCCAGGGCTGGACCACGAGCTGGCCTTCTCTCGTCTGATCGTGGAGCTGCGGCGGCTGCACCCAGGCCACGTGCTG	34637417	CGAGTATGT	GCTGTCCGAGTATGT	CTGCAGTGGGTGTTCGTGAATGCGGGTGGCTGGATGGGCGCCATGTGCCTTCTGCACGCCTCGCTGTCCGAGTATGTGCTGCTCTTCGGCACCGCCTTGGGCTCCCGCGGCCACTCGGGTCAGTGCTAGCGGCGGGCCAGA
SIGMAR1	chr9	-	34637544	CTTCGTGGGCAGCCGGCGGGCTC	TTCGTGGGCAGCCGGCGGGCTCCGAGGCCGTGAGCGCAAAG	CCGCTCCGATTGGTCAGGGCGAGCCGTACCACGGCGGTGGCGGGGGAGCGCTTCGTGGGCAGCCGGCGGGCTCCGAGGCCGTGAGCGCAAAGCCTCAGGCCCCGGCTCCCTCCTGAGCTGCGCCGTGCCAGGCCGCCCGCC	34637768	CTGGTGAGC	AGTACGCTGGTGAGC	GCTCTGGCTGGGTACGCAGAGCTTCGTCTTCCAGCGCGAAGAGATAGCGCAGTTGGCGCGGCAGTACGCTGGTGAGCGGGCAGAGGGCAGGGAGGGGAGCGGCCGGCCTGGGAGCGGAGCCTAGGGTTCCGAAGGCGCCAT
SIGMAR1	chr9	-	34634719	GGGTGCTCCCTGTCCCCCAGGGG	GGTGCTCCCTGTCCCCCAGGGGAGACGGTAGTACACGGGCC	CCAGGGAAGCAGCAGCCATGGAAGGGCAGGGCAGAGCTGGCTTTTCACTTGGGTGCTCCCTGTCCCCCAGGGGAGACGGTAGTACACGGGCCTGGTGAGGCAACAGCTGTGGAGTGGGGGCCAAACACATGGATGGTGGAG	34635855	CCATCTTTT	TCTGTTCCATCTTTT	TCACACAGCCCCTGCTGCATTCTCTGTCCATCTGTCTGTTTCTATTAATAAAGATTTGTTGATCTGTTCCATCTTTTTGTGTGTCTGAGCAGCCGGAAAAAGCCTCTGACCCCTGGGGACCTCAGGAAGATCTCTCTCTTG
SIGMAR1	chr9	-	34637544	CCGGGCCGCTCCGATTGGTCAGG	CGGGCCGCTCCGATTGGTCAGGGCGAGCCGTACCACGGCGG	CCGTGCTCCCCCCGAGGAAATGGTTCAACCGAAGGGCGGTGCCAAGGTGCCCGGGCCGCTCCGATTGGTCAGGGCGAGCCGTACCACGGCGGTGGCGGGGGAGCGCTTCGTGGGCAGCCGGCGGGCTCCGAGGCCGTGAGC	34637823	CTGGTGAGC	AGTACGCTGGTGAGC	GCTCTGGCTGGGTACGCAGAGCTTCGTCTTCCAGCGCGAAGAGATAGCGCAGTTGGCGCGGCAGTACGCTGGTGAGCGGGCAGAGGGCAGGGAGGGGAGCGGCCGGCCTGGGAGCGGAGCCTAGGGTTCCGAAGGCGCCAT
SIGMAR1	chr9	-	34636994	TGGCGCGAATACCCTGATAGTGT	GGCGCGAATACCCTGATAGTGTCATGTGCGATTGTCACTCA	TTGTAAAGGGGCCCATGCCCTCCTTTCTGATGTTTGGCTGGGCCATGCAATGGCGCGAATACCCTGATAGTGTCATGTGCGATTGTCACTCAGGGCGCTACTGGGCTGAGATCTCGGATACCATCATCTCTGGCACCTTCC	34637109	CAGGTGGGT	TCTACCCAGGTGGGT	GGATACCATCATCTCTGGCACCTTCCACCAGTGGAGAGAGGGCACCACCAAAAGTGAGGTCTTCTACCCAGGTGGGTAAGAAGGCTCTGTCAGAGAAGTGGGTCCCTTCACGCGGGGGGTGCCCACAATTGCGGGGAGCAT
SIGMAR1	chr9	-	34634720	GGGTGCTCCCTGTCCCCCAGGGG	GGTGCTCCCTGTCCCCCAGGGGAGACGGTAGTACACGGGCC	CCAGGGAAGCAGCAGCCATGGAAGGGCAGGGCAGAGCTGGCTTTTCACTTGGGTGCTCCCTGTCCCCCAGGGGAGACGGTAGTACACGGGCCTGGTGAGGCAACAGCTGTGGAGTGGGGGCCAAACACATGGATGGTGGAG	34635855	TCCATCTTT	ATCTGTTCCATCTTT	TTCACACAGCCCCTGCTGCATTCTCTGTCCATCTGTCTGTTTCTATTAATAAAGATTTGTTGATCTGTTCCATCTTTTTGTGTGTCTGAGCAGCCGGAAAAAGCCTCTGACCCCTGGGGACCTCAGGAAGATCTCTCTCTT
SIGMAR1	chr9	-	34636994	CATGTGCGATTGTCACTCAGGGC	ATGTGCGATTGTCACTCAGGGCGCTACTGGGCTGAGATCTC	TTTCTGATGTTTGGCTGGGCCATGCAATGGCGCGAATACCCTGATAGTGTCATGTGCGATTGTCACTCAGGGCGCTACTGGGCTGAGATCTCGGATACCATCATCTCTGGCACCTTCCACCAGTGGAGAGAGGGCACCACC	34637086	CAGGTGGGT	TCTACCCAGGTGGGT	GGATACCATCATCTCTGGCACCTTCCACCAGTGGAGAGAGGGCACCACCAAAAGTGAGGTCTTCTACCCAGGTGGGTAAGAAGGCTCTGTCAGAGAAGTGGGTCCCTTCACGCGGGGGGTGCCCACAATTGCGGGGAGCAT
ALS2	chr2	-	202582800	TATTCTCTGACTTTACCTAGGGA	ATTCTCTGACTTTACCTAGGGAACACTGACTATGCCAAATG	ctctaaataaataaaTGAATATTGAATATATTTCCTCTAACCCCACATTTTATTCTCTGACTTTACCTAGGGAACACTGACTATGCCAAATGGAGACTACATTGAAGGTTATTTTAGTGGAGAATGGGGATCTGGGATAAA	202582933	TTTGTGAGT	TAAAGTTTTGTGAGT	GGGATAAAAATCACTGGAACCTACTTCAAACCTAGTCTATATGAGAGTGATAAAGACAGACCTAAAGTTTTGTGAGTAACTAGTGTTAATTCTGGATTAATTATTGAATGTTTGGAGTTGTCTTGCTTTTATCAAAGCTGG
ALS2	chr2	-	202569177	TGTCATTGTTTCTGTAACAGCAC	GTCATTGTTTCTGTAACAGCACAACATTTACCCCATCAGAC	AAAAAAGCACGATCAAATGGCTTTATTAAGAAAATTATAGGATGTCTTTTTGTCATTGTTTCTGTAACAGCACAACATTTACCCCATCAGACAAACTTAAGGTCATCCAGCAGACTTTTGAGGAGATCTCTCAGAGTGTCC	202569326	CAGGTAACT	ACGGGCCAGGTAACT	CTCCACGAAGACTTCTTGTGGTCCATGGATGACTTGTTTCCTGTTTTCTTATATGTGGTGCTACGGGCCAGGTAACTGTTTTATGACTTTGTTATTAGTGAGTCGTTATTTTTAAAAGTCTGCTGCTTGCATTTTCTGAAC
ALS2	chr2	-	202588053	TTCTTTTTATTTCTGTGCAGGGG	TCTTTTTATTTCTGTGCAGGGGGGAAAAGTATATGGGAATG	GTGATAATTGTCTTTTCCCTACTTTATCCTTATCTTCAGTGCTTTTTCTTTTCTTTTTATTTCTGTGCAGGGGGGAAAAGTATATGGGAATGTGGCAAGATGATGTGTGTCAAGGGAATGGTGTGGTGGTTACCCAGTTTG	202588164	ATGGTGAGT	AAAATGATGGTGAGT	AAGGGAATGGTGTGGTGGTTACCCAGTTTGGATTATACTACGAGGGCAACTTTCACCTTAATAAAATGATGGTGAGTGGAATATTTGCATGTAGTTATTACTAACTTTTTAAAGCTCCTTTGTCCTTAACTTTTTAAATCA
ALS2	chr2	-	202591207	TCTTTGCTTATGCATTCCAGAGG	CTTTGCTTATGCATTCCAGAGGGGTTTTGAAGTGGCCTGAT	CATGATAGAAAAAGTATTAATTATCTGAAATATTAGTTGACATGCATTATTCTTTGCTTATGCATTCCAGAGGGGTTTTGAAGTGGCCTGATGGAAAGATGTATTCTGGCATGTTCAGGAATGGCTTGGAAGATGGGTAAG	202591272	TGGGTAAGA	GGAAGATGGGTAAGA	TCCAGAGGGGTTTTGAAGTGGCCTGATGGAAAGATGTATTCTGGCATGTTCAGGAATGGCTTGGAAGATGGGTAAGAAAATTGTGTAAAACATGACAGTAAATTCAAGTTCGGTAAGGTCGTAAATTATGTTATTTTGTAT
ALS2	chr2	-	202574604	TTGATTCTTTTCCTACTCAGGCC	TGATTCTTTTCCTACTCAGGCCTGTGACACTCCTCTGCACC	TTTCTTGTTGATGGATTGTTTCTGCTGTTAATGCACATCAACTGACTTCATTGATTCTTTTCCTACTCAGGCCTGTGACACTCCTCTGCACCCCCTGGGCAGGCTTGTGGAGACACTGGTTGCAGTGTATAGAATGACATA	202574761	GAGGTAAGA	GCTGGTGAGGTAAGA	AACCGCAGGTTATTGCAGGAGGCTGTAAAGGAGATTAAGTCCTATCTTAAGCGAATTTTCCAGCTGGTGAGGTAAGAGAGCTTTTCACTAAAGTCTGCGGGCTATGGAATACTATTTTATACCAGTGCTTGGGTAGTTTCA
ALS2	chr2	-	202589018	TCCATTCTTTCCAACCACAGCTA	CCATTCTTTCCAACCACAGCTATGCTTCTGGTGAAGTATTT	CTAAACTTTGTAAAAATGAGCATCAGAATTCAATGTGCATGTGATAATTATCCATTCTTTCCAACCACAGCTATGCTTCTGGTGAAGTATTTGAGGGCTGTTTTCAAGATAATATGCGTCATGGTCATGGTCTTCTACGAA	202589182	TAGGTACAG	TATCACTAGGTACAG	CCTAGTATGTTCATTGGCCAGTGGGTAATGGATAAGAAAGCAGGATATGGTGTCTTTGATGATATCACTAGGTACAGTATTCTCCTTCTATTCCCACAGTTTAAGCCAATGATTAAGCACCATCATTATTTAACAAGCAGT
ALS2	chr2	-	202590079	TTTTTTCTTTTTCATGGCAGGTA	TTTTTCTTTTTCATGGCAGGTATGGAGAATACAGAATCCCA	GGATATACATACAAAAGGTGAATATGTCATAAATGCATCTTCTTTTGTTATTTTTTCTTTTTCATGGCAGGTATGGAGAATACAGAATCCCAAACAAGGCAATGAACAAAGAAGACCATTATGTGGGCCATTGGAAAGAAG	202590177	CAGGTAACA	AGTCTACAGGTAACA	GCAATGAACAAAGAAGACCATTATGTGGGCCATTGGAAAGAAGGAAAAATGTGCGGTCAAGGAGTCTACAGGTAACATTGGAAAGGCTGTTGGACTGGTGTTTGTTTTTCATATAACCATGTAAACCTGAATGTTTGCATA
ALS2	chr2	-	202569862	CTTCACTCTCTTTTTTGCAGGTT	TTCACTCTCTTTTTTGCAGGTTTTGCCAACCACGAAAGATG	ATCAGTATCATTTATTTCTGTTGTTGCAGAAAATAGTTTTCCTCCTTGACCTTCACTCTCTTTTTTGCAGGTTTTGCCAACCACGAAAGATGCTTGTTTTGCCTCAGCAGTAGAATGTCTGCAGCAGATCAGGTAATCTCT	202569923	CAGGTAATC	GCAGATCAGGTAATC	TTTTTGCAGGTTTTGCCAACCACGAAAGATGCTTGTTTTGCCTCAGCAGTAGAATGTCTGCAGCAGATCAGGTAATCTCTGATTTGTTGAAAAGCCATACAAATCAAAGTAGTGCTTGGTCTATTAAGATATTATTAATAT
ALS2	chr2	-	202592428	CTCCGTGTTCTCTGTTTCAGTTC	TCCGTGTTCTCTGTTTCAGTTCTCCACGCACCATGTTTTCC	GGGGATATGGGCAGAGTCCCCGAGGTCTACATGGGCTTTCATAAAAGTGCCTCCGTGTTCTCTGTTTCAGTTCTCCACGCACCATGTTTTCCCTCTGGCCACGCTGTGGGCAGAGCCACTGTCTGAAGAAGCTGGTGGTGT	202592498	TGTGTAAGT	TGGTGGTGTGTAAGT	TTCTCCACGCACCATGTTTTCCCTCTGGCCACGCTGTGGGCAGAGCCACTGTCTGAAGAAGCTGGTGGTGTGTAAGTGCGTCCCCCCTCCCCACCCCACCCCGTCCAAGTCTGTTACCCAGGTTGCTTCCTTAAATGTGAA
ALS2	chr2	-	202614435	TTTCTGTGTTTTTTTGATAGGTT	TTCTGTGTTTTTTTGATAGGTTTACTCATGGGGTAGCAATA	TAAAGGTTCAGAGTTGATGTGCAAAATCAGATTCACAACGCTTAGCTACTTTTCTGTGTTTTTTTGATAGGTTTACTCATGGGGTAGCAATACCTTTGGTCAACTTGGGCATTCCGATTTTCCAACAACAGTTCCTCGTCT	202614512	AAGGTACTT	CTTGCAAAGGTACTT	CATGGGGTAGCAATACCTTTGGTCAACTTGGGCATTCCGATTTTCCAACAACAGTTCCTCGTCTTGCAAAGGTACTTTTGTGAACTTGATAGCAACTTATTCCACAATTCTTAGCTGTAACACCTTATACTTCTCCATTTC
ALS2	chr2	-	202624180	ttcttttttttAACCTTCAGATG	tcttttttttAACCTTCAGATGGTGAGGTCTACAGCTTTGG	TTTGCTGTTAAAATTTTTAGTTAATTCACTAACCCttttttttttcttttttcttttttttAACCTTCAGATGGTGAGGTCTACAGCTTTGGGACTCTTCCCTGGAGAAGTGGACCAGTGGAGATTTGTCCAAGTAGCCCC	202626541	aaattaaat	ttatttaaattaaat	TTGGAAGTTTTTGTTACTTATGCTAGTAACAATGTGTGTGTTTCTATTGaattaaatttaatttatttaaattaaatGTGTGTTTCTATTACATTTAATTTATTCTTTGTAAATAACATCTCAATCATACAGCTAATTCAC
ALS2	chr2	-	202575714	TTTTCTTTCCCTTTTTATAGTCC	TTTCTTTCCCTTTTTATAGTCCAGAAATACTGAGTCGTTCA	ATGTGAGTATTTACACGTATCTTGCTTTCTTGATGTGAAATACAACAGACTTTTCTTTCCCTTTTTATAGTCCAGAAATACTGAGTCGTTCACAGACTCAGACACTAGAGAGTTTGGAATTCATTCCACAGCATGTTGGTG	202575831	AAGGTAAAC	TTAATAAAGGTAAAC	AATTCATTCCACAGCATGTTGGTGCCTTCTCTGTGGAGAAATATGATGACATCAGGAAATATTTAATAAAGGTAAACTAGAGTAAAAATTACATTGGTCTTGTGAATTAATGATTCACCTACCACAATATATCATTCAGAT
ALS2	chr2	-	202568845	TCTTTTTCTCTCTGGGGCAGGAT	CTTTTTCTCTCTGGGGCAGGATTAGGAATTTAGGCTCTGAG	TCAACTAGATTCAAAAGGAGAATGGACATGTAAGTGAAAATAACTCAGCATCTTTTTCTCTCTGGGGCAGGATTAGGAATTTAGGCTCTGAGGTACACCTCATTGAGGATCTAATGGACCCCTATCTTCAGCATGGGGAAC	202568941	AAGGTGAGT	ACCTTGAAGGTGAGT	ACCTCATTGAGGATCTAATGGACCCCTATCTTCAGCATGGGGAACAGGGTATAATGTTCACCACCTTGAAGGTGAGTATAGTTATTATTTAATACTTTCTTATCTTCATATCTGTCTTTCATTTACCATATTATAAATGCC
ALS2	chr2	-	202580395	GGTTGATATGACTTTATTAGCAG	GTTGATATGACTTTATTAGCAGGAAGCTAGGAAACCTGGCA	AAGTTTCTGTTCTTTGGAACAATTTTGCACAAAAGAAATGATTAATAAAAGGTTGATATGACTTTATTAGCAGGAAGCTAGGAAACCTGGCAGTGCCAGCTGATGAGAAGTGGAAAGCGGTGTTTGACGAATGTTGGCGCC	202580562	CAGGTGAGT	CAGAGACAGGTGAGT	GGGGAAGTTTGGAAAGCATGGGACAATATTGCTGTGGCCTTGACCACCAGTCGGCGCCAGCACAGAGACAGGTGAGTGAACACCTGCTCAACATACAGCAGAGCATGTTAGGAAGATGAAACTTAAGACCAGTAAGTAGTC
ALS2	chr2	-	202591387	ACGTTACTTTTTGCTCCTAGACA	CGTTACTTTTTGCTCCTAGACAAAGTGGCTACGAGCTATAA	CTAGCAGGATTTAAAGCAATGCTTGATGAATTGTTGCCTTAAACTTATTGACGTTACTTTTTGCTCCTAGACAAAGTGGCTACGAGCTATAAGCCAAGCCGTAGATCAGGCTTTGAGAGGGATGTCTGATCTCCCCCCTTA	202591589	CAGGTGAAA	TCATGGCAGGTGAAA	TTCTACAAGGATCCTCGCCTAAAGGATGCCACCTATGATGGACGCTGGCTTTCAGGGAAGCCTCATGGCAGGTGAAAATGTTGAAGATTTATGCCTGGGGTGAGGATGATCATCACATGATAGAAAAAGTATTAATTATCT
ALS2	chr2	-	202597999	TTTTTTTCCTCTGCCTCTAGTGA	TTTTTTCCTCTGCCTCTAGTGATTTCCTAAATAAAAACCAA	ATTTTTTATTTAATGTACATATTACCAATTCCAAAATGATTAACTAAATTTTTTTTTCCTCTGCCTCTAGTGATTTCCTAAATAAAAACCAAGAGCTGTTGCAAGATTTGTCAGAAGTGAATGACGAAAACACTCAGTTGA	202598161	GTGGTAAGC	TTTGAAGTGGTAAGC	TTTTCTTGCCAATCAGACGACTTCATAATTACGCAAAAGTTTTGCTAAAGCTTGCTACTTGTTTTGAAGTGGTAAGCTCCCATGTATACCTCTTTGGACATTTGGAAAGCCAAGGATCATAGTTGTTTGTATGGATTATGC
ALS2	chr2	-	202593775	CTTTAATTTTTGCCCTGTAGGCA	TTTAATTTTTGCCCTGTAGGCATCTCCAGAATATCAGAAAC	GAGGCTACAGATTCTGCATAATGGTTTTATGTTCTTTTTTTTTTTTTCCTCTTTAATTTTTGCCCTGTAGGCATCTCCAGAATATCAGAAACTGCAGGATTCCAGTTCTTGTTATGAGTGTCTTGCTCTCCATCTCGGCAG	202593906	ACGGTAAGC	AAAATGACGGTAAGC	ATCTCGGCAGGAAAAGGAAGGAAGCAGAATACACACTGGGCTTCTGGAAGACCTTCCCCGGAAAAATGACGGTAAGCCATGCCAGTTGTCATTTGTTACCCTAGCAAACAGCAACCATTTCGATAACAATTGATACAATTT
ALS2	chr2	-	202617869	CCTGTGTGTTTCTTTTTAAGGCT	CTGTGTGTTTCTTTTTAAGGCTTCAACCGTTGTGTGTAAAA	TAATTTGAGAAAGGCTACGATTCTTGCTGAGAATACTTTGACTTTGTGTGCCTGTGTGTTTCTTTTTAAGGCTTCAACCGTTGTGTGTAAAATGTCTGGATGGCAAAGAAGTAATCCATCTGGAGGCAGGTGGTTACCATT	202617965	CAGGTAGGA	AAATCCCAGGTAGGA	TGGATGGCAAAGAAGTAATCCATCTGGAGGCAGGTGGTTACCATTCTCTTGCACTTACTGCGAAATCCCAGGTAGGAGGCAAACTATTAAATGCTTTACCTTATTTTCATGGAAGGCCAACATGACATTGTTGGACCCTca
ALS2	chr2	-	202587766	TCTCTTGTTTCTTCTTGTAGGGA	CTCTTGTTTCTTCTTGTAGGGAAATGGGGTTTTGCTTTCCG	ATGACTGCGTGCACTCTTAAGTTACTCTGTATTTTATGTGTTGTAATTTTTCTCTTGTTTCTTCTTGTAGGGAAATGGGGTTTTGCTTTCCGAAGATGATACTATCTATGAAGGAGAATTTTCAGATGACTGGACTCTTAG	202587843	AAGGTTGGA	AGTGGAAAGGTTGGA	GGGTTTTGCTTTCCGAAGATGATACTATCTATGAAGGAGAATTTTCAGATGACTGGACTCTTAGTGGAAAGGTTGGAAACTAGCTTTCTTTTTTTTTCTCCCTAATAAATTCTTTTACTAATTTTTTTTTACTTTAAAAAT
ALS2	chr2	-	202603393	TGTTTTCTTTTCTGCTCAAGGTA	GTTTTCTTTTCTGCTCAAGGTATTGCACATCTATTACAAAT	TATGTGTTTGGAAACTGAAGAACTAATTTACATTTCAACTAATGTACATGTGTTTTCTTTTCTGCTCAAGGTATTGCACATCTATTACAAATTTCCTGGTTATGGGAGGATTCCAGCTTCTTGCTAAGCCTGCCATGTAAG	202603458	CATGTAAGC	GCCTGCCATGTAAGC	TCAAGGTATTGCACATCTATTACAAATTTCCTGGTTATGGGAGGATTCCAGCTTCTTGCTAAGCCTGCCATGTAAGCAAACCCACACCTTCCAGTTATCATTCTCTCCGCCAAAGATGACATTTTATAGTGCTCTGTTTTC
ALS2	chr2	-	202625604	ttcttttttttAACCTTCAGATG	tcttttttttAACCTTCAGATGGTGAGGTCTACAGCTTTGG	TTTGCTGTTAAAATTTTTAGTTAATTCACTAACCCttttttttttcttttttcttttttttAACCTTCAGATGGTGAGGTCTACAGCTTTGGGACTCTTCCCTGGAGAAGTGGACCAGTGGAGATTTGTCCAAGTAGCCCC	202626541	CAGGTACCT	CCATCTCAGGTACCT	ACCTACGGAAACTGTCAGATCATTCAGTAAGAGAGGACTCAGAGCATGGTGAAAAGCCAGTGCCATCTCAGGTACCTGCTCAATTTTATAAAATAAAAGTGTGTCTAGAGTTGAACTGTATGGGCTTTTCTTTAGAAACTT
ALS2	chr2	-	202611289	CTATCTTTCTGTCGTTGCAGATA	TATCTTTCTGTCGTTGCAGATAAGCAGTGAAAATGGAGTCT	GTTCCTGTGGATCCGAAGTTCTCTCTGATTGCCTTTATCTTGGACAGACACTATCTTTCTGTCGTTGCAGATAAGCAGTGAAAATGGAGTCTGGAGCATAGCTGCAGGCAGGGATTATTCCCTGTTTTTAGTGGATACAGA	202611471	AAGGTGAAC	TGTAGTAAGGTGAAC	CTACAGAAGGTGACAACCTTCCAGAGAATCACAGTGGTTCTAAGACTCCAGTACTTCTCTCCTGTAGTAAGGTGAACAGGAATTGGATCCTAAGGCCCACATTCAGTAACACATAAGAAGTCTTTTGTTTTTGTTTTTATT
ALS2	chr2	-	202593235	ATATTTGTCTTTAATTCCAGGAT	TATTTGTCTTTAATTCCAGGATTCCTTGAGGAAGCCAGAGC	TTTATTTTCTCTTTACATGTTAAAATAATTTTGATTGTTTGACTTGTATTATATTTGTCTTTAATTCCAGGATTCCTTGAGGAAGCCAGAGCGTCGACTGCTGTGTGAGAGTAGTAACCGAGCCCTGTCTCTGCAGCATGC	202593363	CAGGTAGGC	CATGCCCAGGTAGGC	CTCTGCAGCATGCTGGGAGGTTTTCCGTGAATTGGTTCATTCTCTTTAATGATGCCCTGGTCCATGCCCAGGTAGGCTGGATTCCTAACCTTAAAAGAATTCCTGAAAGGTGGACCCCTATCCTTATTAACTGTACTATCA
ALS2	chr2	-	202606397	TCATCATTATTTTGTTATAGAAA	CATCATTATTTTGTTATAGAAAATTTGGGCACTACAACTAC	CATAATCACATCATAATAAAGTGATCGGTTTTCAGTTTGTGTTGTCATCATCATCATTATTTTGTTATAGAAAATTTGGGCACTACAACTACAGTCCAGCTGTTGCAGGAGGTGGCTAGCCGATTCAGCAAGCTGTGTTAC	202606577	AGAGCAAGT	TTATACAGAGCAAGT	CATGGGGTAAAGGAAGCCAGGAGTTTGGTCATCCTGAAGCATTCAAGTCTCTTCTTGGATAGTTATACAGAGCAAGTATCCAGTCCCGTGTCATGTTCAATCTCTGCAGGGTTATTCTGCCAAGGAGAACAGCTCCTTAAT
ALS2	chr2	-	202622125	tttatGTGTGTATATTTTAGCCT	ttatGTGTGTATATTTTAGCCTCTTTTAGAAGAAGCAATTC	TCTTTTTATTGATTGCTTGTTGCATAAGGGattatatttttatataattttttatGTGTGTATATTTTAGCCTCTTTTAGAAGAAGCAATTCCTAATCTCCACAGCCCGCCTACCACAAGCACCTCAGCCCTAAACAGCCT	202622482	AAGGTAAGG	TGTCACAAGGTAAGG	TGTGGATATCAGAGAAGAAGAAACAGAGGGAGGCAGTCGAAGACTCTCCCTCCCTGGATTGTTGTCACAAGGTAAGGAAATAACTAGGTTTTGTGAATTGACTTTTGGGGAATCCAGGATGCTCCTGACATCGCATGCTGT
ALS2	chr2	-	202564986	ATTTTGAACTTTTCTTCCAGGCA	TTTTGAACTTTTCTTCCAGGCATGTTACTACCAGATTCAGC	CATATGCATTGCTCTCTTTATGTAATTTCTTTAAAAGTGAATTTGAAATTATTTTGAACTTTTCTTCCAGGCATGTTACTACCAGATTCAGCGTGAGAAGCTTAACTAGGCTGCATAACAGCTTGAAAACTGGATTATCTA	202566612	TTACTCGTT	TGATAGTTACTCGTT	AATAACCCAAGGACACGGGTCTCCAAAGAAATCTATTATTTCTTTGAATAAAAAGCATATTTTGATAGTTACTCGTTATTTTTTTTCCTCCTAAACAGATCGAGGGAAGGGAAGGTGAGGCTTTAAAATTCTGCTTAGAAA
ALS2	chr2	-	202608981	TTTGTTTTCTTCTGTTTCAGCTT	TTGTTTTCTTCTGTTTCAGCTTGGATATATAAGCAGAGTGA	agcttcagtataccaAATTAGTAACATAATTATATGTTATATTTAATCCTTTTGTTTTCTTCTGTTTCAGCTTGGATATATAAGCAGAGTGACAGCAGGAAAAGATAGCTATTTAGCCTTGGTGGATAAAAACATTATGGG	202609152	TAGGTAAGT	TCAGTTTAGGTAAGT	TACAGAAAGACGATTCTATTCAAAACTAAGTGATATCAAATCTCAGATTCTCAGGCCTCTTCTCAGTTTAGGTAAGTTGCAACCCCCTCTCTCCCACCATTAAACCATCAGGTCTTTATCTCTTCTTCCTATGTCACAAAT
ALS2	chr2	-	202619226	CACGTCTGGTTGGTTTTCAGTTT	ACGTCTGGTTGGTTTTCAGTTTCCCCCAGGCTCTTAAGAAA	TTGTCCAAATGATATGTTTTCTTACCCTCTGGACTCCCACTCCTTCACCCCACGTCTGGTTGGTTTTCAGTTTCCCCCAGGCTCTTAAGAAAGGCTGCACGGGTGAAAACGAGGACAGTGGTTCTGACCCCCACATACAGT	202619394	TAGGTAAGC	TCTGCCTAGGTAAGC	CTGAGAACAGAAGTGTGGACCTGGGGGAAAGGGAAGGAAGGGCAGCTGGGGCACGGCGATGTTCTGCCTAGGTAAGCGCTACCAACATTTACCGATAGAAGTTGGCTTAAACAAATAATCTCTCTCCTGGGAAGGTCTCTA
ALS2	chr2	-	202570139	ATTTATGGATTCCATTATAGGAA	TTTATGGATTCCATTATAGGAAATTTTGGCCAGCAACCTTG	AACTATTTTTATGGGATTTTGTTTACCATAAGTAACAACTTATATTAATAATTTATGGATTCCATTATAGGAAATTTTGGCCAGCAACCTTGTCAATCCTTGGAGAGAGTAAAAAGGTATAGTAGATTTTCTTTTCCTCAG	202570184	AAGGTATAG	AGTAAAAAGGTATAG	TAATAATTTATGGATTCCATTATAGGAAATTTTGGCCAGCAACCTTGTCAATCCTTGGAGAGAGTAAAAAGGTATAGTAGATTTTCTTTTCCTCAGCAAATATGCTTTTCTCTAATGGGAAGGATTTGAGATAGCAAAACT
ALS2	chr2	-	202571569	CCCACTCCATTATTTTGTAGTTA	CCACTCCATTATTTTGTAGTTATGTAGTAACGAGTTCTGGA	TCTACCTTGGATTCTGTATTCAATTTTAATATGAAAAATGCTCCTTTTCTCCCACTCCATTATTTTGTAGTTATGTAGTAACGAGTTCTGGATTATTGCTTCCTGTGCTGCTACCTCGGCTCTACCCACCGCTGTTTATGC	202571745	GAGGTAAGT	GGTGCAGAGGTAAGT	TACTGGGAATGTGTCCTTCGACTAAATAAGCAGCCAGATATTGCTCTCCTGGGCTTTCTTGGGGTGCAGAGGTAAGTGTAGTAGTTACAAGCGCAACCAAATGGTTTTAATTTAAAATGCAAACTGCATTATTGGAAATTT
ALS2	chr2	-	202591935	TATCCTTGTGAACGTTTTAGGAA	ATCCTTGTGAACGTTTTAGGAATGGCTTAAAGATAACTACA	ATATTTGAGGATCGATACTGTAATGACAGGTTGTTAAATGTCCTGGTATTTATCCTTGTGAACGTTTTAGGAATGGCTTAAAGATAACTACACCTGAGGAGCAGTTCACTCTCATTTCATCTACACCCCAGGAAAAGGTTA	202592001	AAGGTTAGT	CAGGAAAAGGTTAGT	TTAGGAATGGCTTAAAGATAACTACACCTGAGGAGCAGTTCACTCTCATTTCATCTACACCCCAGGAAAAGGTTAGTCTATTATGGTATTTTCCTTCAATCTTCGCCCTGGCTCTTTCTGCCTCTTGTGTAATAAAGAAGA
ALS2	chr2	-	202572592	TATTTTTTATTCTTCCTTAGGTT	ATTTTTTATTCTTCCTTAGGTTCTTATTTCCTGAGCTGCCT	AATGTGTTTTTATGCTTTTCAACCCCCCTAGAGGTATAATTGTATAATTATATTTTTTATTCTTCCTTAGGTTCTTATTTCCTGAGCTGCCTGAAGAAGGCAGCACAATTCCTCTCTCTGCTCCTCTGCCAACCGAAAGGA	202572714	AGGGTAAAT	AGAGCCAGGGTAAAT	CCTCTGCCAACCGAAAGGAAGTCTTTTTGCACTGGGAAGTCAGATTCCCGATCTGAATCACCAGAGCCAGGGTAAATGGAGTTGGGTGGGGACAGTGAAGAAAGGGAATGGTGACTAGATGATCTTACTCAAAGAGTCCCA
CAPN3	chr15	+	42678365	TGCCCTGTGTCTGCCTGCAGGGG	GTGCCCTGTGTCTGCCTGCAGGGGACTGCTGGTTTCTCGCA	TGGGATTGGGGCTTTTTCTTCCCAGGAGGAGCAGGAGTGCTCACGATCTGTGCCCTGTGTCTGCCTGCAGGGGACTGCTGGTTTCTCGCAGCCATTGCCTGCCTGACCCTGAACCAGCACCTTCTTTTCCGAGTCATACCC	42678483	CAGGTGAGG	CTTCCAGGTGAGGTA	ACCTTCTTTTCCGAGTCATACCCCATGATCAAAGTTTCATCGAAAACTACGCAGGGATCTTCCACTTCCAGGTGAGGTAATGAGAGTGTAGTTAAGAGGGCCAGCGGCAGGCCACCCACCGCTGGTCTCCTGGCCTTGACT
CAPN3	chr15	+	42698124	TGTTTCCTTTTCTTATGCAGAAA	CTGTTTCCTTTTCTTATGCAGAAAAAGAAAAAAACCAAGGT	AAAGCCACTGGCGGTTCTGAGAACTTACTTTTCACTTATTCTGCATTTACTGTTTCCTTTTCTTATGCAGAAAAAGAAAAAAACCAAGGTAGGTGTGTGGGTAGAGAGCATGAAGTGTGTGTACTCATGCATATGTATGTG	42698141	AAGGTAGGT	AACCAAGGTAGGTGT	TGAGAACTTACTTTTCACTTATTCTGCATTTACTGTTTCCTTTTCTTATGCAGAAAAAGAAAAAAACCAAGGTAGGTGTGTGGGTAGAGAGCATGAAGTGTGTGTACTCATGCATATGTATGTGCATGCATGTGAAGTGTG
CAPN3	chr15	+	42691690	CTCTTCTTCCAACCTCTCAGGAT	TCTCTTCTTCCAACCTCTCAGGATGTCCTATGAGGATTTCA	CTGGGGTCTTCCGTTCCCAGCCCTCCTCACCTGCTCCCATATGGCTCTCTCTCTTCTTCCAACCTCTCAGGATGTCCTATGAGGATTTCATCTACCATTTCACAAAGTTGGAGATCTGCAACCTCACGGCCGATGCTCTGC	42691850	CAGGTGGGA	TTCCCAGGTGGGAGA	CTGGACAGTGTCTGTGAACGAGGGCCGCTGGGTACGGGGTTGCTCTGCCGGAGGCTGCCGCAACTTCCCAGGTGGGAGATGCTCTTGATGGGGGGAGGGTCTAAGCCGAAAAAGTTCCAGGCAGAAGAAGCCTAACTAGTG
CAPN3	chr15	+	42695939	CATGTCTGTATTCCTCACAGGGA	ACATGTCTGTATTCCTCACAGGGAAGTTGAAAATACCATCT	GCAAACCGTCCACGGGCCTCCTGCTTGCTTCTGGTGACACTGAGACCCCACATGTCTGTATTCCTCACAGGGAAGTTGAAAATACCATCTCCGTGGATCGGCCAGTGGTGAGTGGTTTAGATCTTCTGTGCGAAAAGTCCA	42695975	GTGGTGAGT	GCCAGTGGTGAGTGG	ACACTGAGACCCCACATGTCTGTATTCCTCACAGGGAAGTTGAAAATACCATCTCCGTGGATCGGCCAGTGGTGAGTGGTTTAGATCTTCTGTGCGAAAAGTCCAGAGGGTCCCCTTCCCTGACCATGCAGGGGACAGATG
CAPN3	chr15	+	42679951	TGCGTGACGCTTCTGTGCAGTTC	GTGCGTGACGCTTCTGTGCAGTTCTGGCGCTATGGAGAGTG	atgtgGAGGAAGGACACATTTCCTAACAGTAATTTGAGTATGTGACTCTGTGCGTGACGCTTCTGTGCAGTTCTGGCGCTATGGAGAGTGGGTGGACGTGGTTATAGATGACTGCCTGCCAACGTACAACAATCAACTGGT	42680084	TAAGTAAGC	ATGCTAAGTAAGCAA	CAACTGGTTTTCACCAAGTCCAACCACCGCAATGAGTTCTGGAGTGCTCTGCTGGAGAAGGCTTATGCTAAGTAAGCAACACTTTAGAATGTGAGGTGGGGCTAGAGGTGAGAAAGTGGGTTGCAAAATCCAGCCGAGACC
CAPN3	chr15	+	42686454	GCTCTTTCTGTGTGCTTAAGGTC	AGCTCTTTCTGTGTGCTTAAGGTCCCGTTCAAAGGTGAGAA	CCTCAGCAAGACAGAAGATTCCCTTTCCAGAGAGGCTGCAGAGCATGAGAGCTCTTTCTGTGTGCTTAAGGTCCCGTTCAAAGGTGAGAAAGTGAAGCTGGTGCGGCTGCGGAATCCGTGGGGCCAGGTGGAGTGGAACGG	42686539	TAGGTAGGT	GTGATAGGTAGGTGA	GAGAAAGTGAAGCTGGTGCGGCTGCGGAATCCGTGGGGCCAGGTGGAGTGGAACGGTTCTTGGAGTGATAGGTAGGTGAGGGGACCCCACGGGATTGGCGGTGGCGGGGAACAGGGTCCGGGACAAGGCTGTGTTGGGAAC
CAPN3	chr15	+	42676681	ATTTCCTTTTTGTTTCACAGGAA	CATTTCCTTTTTGTTTCACAGGAAATTTGCGAGAATCCCCG	aaaaatacctatctatctatctgtctatctaCTGTTATTCTTACCTGGTCATTTCCTTTTTGTTTCACAGGAAATTTGCGAGAATCCCCGATTTATCATTGATGGAGCCAACAGAACTGACATCTGTCAAGGAGAGCTAGG	42676750	TAGGTAGGA	GAGCTAGGTAGGAAA	GGAAATTTGCGAGAATCCCCGATTTATCATTGATGGAGCCAACAGAACTGACATCTGTCAAGGAGAGCTAGGTAGGAAAGTGCCTCAGGTCAGATCCTGCCAGATGATCAAGGGGTGATTACAAGGTGTGATCCCCTTCCA
CAPN3	chr15	+	42684837	CTCTGGTTACTGCTCTACAGACA	TCTCTGGTTACTGCTCTACAGACAATCATTCCGGTTCAGTA	AACTTTGCCTCCAAGCAGCAGAACTTCTGTTCCCCCGCCCCTAATGGGTTCTCTGGTTACTGCTCTACAGACAATCATTCCGGTTCAGTATGAGACAAGAATGGCCTGCGGGCTGGTCAGAGGTCACGCCTACTCTGTCAC	42684920	GAGGTAAGC	GGATGAGGTAAGCCT	TTCAGTATGAGACAAGAATGGCCTGCGGGCTGGTCAGAGGTCACGCCTACTCTGTCACGGGGCTGGATGAGGTAAGCCTGGTGGGGCTTGGTGGGGCAAGGGCACCCTCCTGGGTTAACCTCATGAAGTCAGGACTTAGCT
CAPN3	chr15	+	42700409	CTCCTCCCTCCTCTCTCCAGCCC	CCTCCTCCCTCCTCTCTCCAGCCCATCATCTTCGTTTCGGA	GTGCTGCCTCAGTGTGCCTGTTCAGACTGTAATCCTCCCTTCCTTCCTGCCTCCTCCCTCCTCTCTCCAGCCCATCATCTTCGTTTCGGACAGAGCAAACAGCAACAAGGAGCTGGGTGTGGACCAGGAGTCAGAGGAGGG	42700522	CAGGTGTCT	CCCACAGGTGTCTGG	TGGGTGTGGACCAGGAGTCAGAGGAGGGCAAAGGCAAAACAAGCCCTGATAAGCAAAAGCAGTCCCCACAGGTGTCTGGGCATGTGGCATGGGTGGGGTGGCCAGCACGCTACAGGGGCTTCCTATGCGCTTGGGATACAC
CAPN3	chr15	+	42694322	CCTTTCTGTTTCTTCTCAAGGTT	TCCTTTCTGTTTCTTCTCAAGGTTCCCAAAGAGGTATAGCA	GGCATTGCCTTCCGCAGGCTCCTCATCCTCATTCACATCTGAAGCATCTTCCTTTCTGTTTCTTCTCAAGGTTCCCAAAGAGGTATAGCAGCAGCAGCGGCCAGCAGTTGTGTGCAGCACTACCCAGGGGGCCCCGAGTCT	42694333	GAGGTATAG	CAAAGAGGTATAGCA	CCGCAGGCTCCTCATCCTCATTCACATCTGAAGCATCTTCCTTTCTGTTTCTTCTCAAGGTTCCCAAAGAGGTATAGCAGCAGCAGCGGCCAGCAGTTGTGTGCAGCACTACCCAGGGGGCCCCGAGTCTGTCTGTGGCTC
CAPN3	chr15	+	42694588	CACATGCCTTTGCACACTCACCC	ACACATGCCTTTGCACACTCACCCTCCTCCACGCTTACAGC	CACCCCCAGGATGTGCACTTTCTCCCTCGCACCAGACACTGCACGTCACACACATGCCTTTGCACACTCACCCTCCTCCACGCTTACAGCCACACACACAGTCACACAGACGCGTTCTGAGGGTGGCTGCCCGCTTGGGAT	42694756	CTGGTAAGT	TGTTCTGGTAAGTGT	CCAAGTCCTCTAGGCCTCCTTGGGGGTCCTTCCAGCCTGAGGGGCTTCGGAGCTGAGGAGCAGCTGTTCTGGTAAGTGTCCCTGAGTGTGGGGATGACACATTTGCCATTCACTCTGAATCACAACAGAAAAGGAAGAGGA
CAPN3	chr15	+	42682151	CATTCTCCATCGGGCCTCAGGAT	ACATTCTCCATCGGGCCTCAGGATGGCACGAACATGACCTA	cctttccacccttctgtgtttgttctctccctcccCTGTGTTGTTCCCTACATTCTCCATCGGGCCTCAGGATGGCACGAACATGACCTATGGAACCTCTCCTTCTGGTCTGAACATGGGGGAGTTGATTGCACGGATGGT	42682294	CGGGTGTGT	GACCCGGGTGTGTAC	GGAATATGGATAACTCACTGCTCCAGGACTCAGACCTCGACCCCAGAGGCTCAGATGAAAGACCGACCCGGGTGTGTACACCTCCGATTATCAGAACTGACCATCCCTCCAACCCACATGACCCCGCCCTATTAGTGTCAG
CAPN3	chr15	+	42688998	TTCCTCCATTTTCCCACCAGATG	ATTCCTCCATTTTCCCACCAGATGGAAGGACTGGAGCTTTG	ACCTCCTGTCCCAACCTACATCAGGCCTTCCCTTCTTCCTGCTTCCTTAATTCCTCCATTTTCCCACCAGATGGAAGGACTGGAGCTTTGTGGACAAAGATGAGAAGGCCCGTCTGCAGCACCAGGTCACTGAGGATGGAG	42689075	CTGGTGAGT	AGTTCTGGTGAGTCC	GACTGGAGCTTTGTGGACAAAGATGAGAAGGCCCGTCTGCAGCACCAGGTCACTGAGGATGGAGAGTTCTGGTGAGTCCAGAACCCAGGAAGACCCAGAAGGGTAAGGGTGGGGAAGAGAGGGGAAATCTCAGACCTCAGT
CAPN3	chr15	+	42681126	GTCTTCATCCTCTCTCTAAGGCT	GGTCTTCATCCTCTCTCTAAGGCTCCATGGTTCCTACGAAG	TGGCAGTGGTACCTGGGTTTTGTTCCCTGGAACTCTGTGACCCCAAATTGGTCTTCATCCTCTCTCTAAGGCTCCATGGTTCCTACGAAGCTCTGAAAGGTGGGAACACCACAGAGGCCATGGAGGACTTCACAGGAGGGG	42681294	GATGTAAGT	CATTGATGTAAGTCT	CTCCTAGTGACATGTACAAGATCATGAAGAAAGCCATCGAGAGAGGCTCCCTCATGGGCTGCTCCATTGATGTAAGTCTGGGGTGTGGGGCACAGGGTGGGGAGCTCCAAGTGTCAGGAAGCCTTTTACCCAATGAAGGGC
CAPN3	chr15	+	42693839	CTTCCTTTCTGGGGGTGCAGATA	GCTTCCTTTCTGGGGGTGCAGATACTTTCTGGACCAACCCT	CCTCTGTCTCATCCCCTTCCTGCCCTCTGAGAGGCAGCTGTGAATGCGTGCTTCCTTTCTGGGGGTGCAGATACTTTCTGGACCAACCCTCAGTACCGTCTGAAGCTCCTGGAGGAGGACGATGACCCTGATGACTCGGAG	42694008	GAGGTGTGC	CTACGAGGTGTGCAG	TGCAGAAGAACCGGCGGAAGGACCGGAAGCTAGGGGCCAGTCTCTTCACCATTGGCTTCGCCATCTACGAGGTGTGCAGTCCTGATTGGCTCCAGCCCAGGAAACATACTTTCCCAGGGAGGACGCTTCCAGGGGCTTCTA
CAPN3	chr15	+	42694992	GGGCTCTCCCCATCTCTCAGATG	TGGGCTCTCCCCATCTCTCAGATGCACGGGAACAAGCAGCA	AGGTGGCTGTGGCAGGACAGGATGTTCCTCCCGAGGGGCTCATGTGCCCTGGGCTCTCCCCATCTCTCAGATGCACGGGAACAAGCAGCACCTGCAGAAGGACTTCTTCCTGTACAACGCCTCCAAGGCCAGGAGCAAAAC	42695200	TGAGTGAGT	TCTCTGAGTGAGTGC	TCCACCTACGAGCCCCACCAGGAGGGGGAATTCATCCTCCGGGTCTTCTCTGAAAAGAGGAACCTCTCTGAGTGAGTGCTGGCCCAGCTTTCCCACGTGTTTCTAAAAGCTCACATGGCCCACTCCAGAGGTTGAAGGCAT
CAPN3	chr15	+	42696977	TGGGcagtgacagtcatggtcat	CTGGGcagtgacagtcatggtcataatcctgaccctgagcc	GGGGATGACGTAGGCCAATGGGAGGACAAATGCCCCTCTGAACTGTCTTCTGGGcagtgacagtcatggtcataatcctgaccctgagccagtgccaggtctccaagtgccttctgaatgaccacagGCGATTGGTTTTAG	42697153	CACGTGAGT	ACGTCACGTGAGTAG	ATGCTGGTCATCGGTGTGCAGTATTGATCAGGACCTGCAAACCCAAAAGCTTATGGGAGCTGGCACGTCACGTGAGTAGAGCAGGCAGGTGCAGGGGTTTTGATGTCCCTGCACTGACACAGTTGTCTGCAGTTCTCAATT
CAPN3	chr15	+	42651698	GGCCACTGAAACACAACCCTCAC	AGGCCACTGAAACACAACCCTCACTCTCTTTCTCTCTCCCT	ACAGTGTTTCTTCACATCTATTTTTAGTTTTCCTGGCTCAAGCATCTTCAGGCCACTGAAACACAACCCTCACTCTCTTTCTCTCTCCCTCTGGCATGCATGCTGCTGGTAGGAGACCCCCAAGTCAACATTGCTTCAGAA	42652312	CCGGTGAGT	ACCTCCGGTGAGTAG	TCCCACCGGATGAGACCTCTCTCTTTTATAGCCAGAAGTTCCCCATCCAGTTCGTCTGGAAGAGACCTCCGGTGAGTAGCTTCCTGCTTGCTGGCTGGGTTTTCCCCCCACGGAGGAGTCCTCTCACTCAGCACCTCCGGC
FKTN	chr9	+	108402382	TCTGTTTCTATCTCAACTAGGCA	TTCTGTTTCTATCTCAACTAGGCAAGAATCAGCAGGGTGCA	TTAATAAAGGAGAATTGAAAATACTCATTTCTACTTTCTGCCCTCAAATTTCTGTTTCTATCTCAACTAGGCAAGAATCAGCAGGGTGCATGATGCCATTTTAAGCTGCTTCACATCAGACTGAAATCCTAATTACAGTTC	108403399	TGAGATATC	CTCTTGAGATATCTT	ATTATTTTCATCAGAATTTGTAATATATAATCCAGTTTGGGATGATGAATAAAATTTTTCTAATCTCTTGAGATATCTTGTATTTATTTTTGAGACTTGCAGTAGAAATAACAGACACTAACATTCACAGACAATCTGATA
FKTN	chr9	+	108397332	ATCCCTCTGTTTTGCTGCAGATA	AATCCCTCTGTTTTGCTGCAGATACCTGTTTCCGAAGTTTA	CACTAGCAGCTAGATTCCTTAGCTAGACCTTCTTCCACTGTTGAAGCCTAATCCCTCTGTTTTGCTGCAGATACCTGTTTCCGAAGTTTACACTGTGCTGGACTGAGTTTGTAGACATGAAGGTCCATGTACCCTGTGAAA	108403399	TGAGATATC	CTCTTGAGATATCTT	ATTATTTTCATCAGAATTTGTAATATATAATCCAGTTTGGGATGATGAATAAAATTTTTCTAATCTCTTGAGATATCTTGTATTTATTTTTGAGACTTGCAGTAGAAATAACAGACACTAACATTCACAGACAATCTGATA
FKTN	chr9	+	108335936	aaaaaatctttattctacagatt	aaaaaaatctttattctacagattgaaaggaaacacactga	accattatacttcagcctggacgacaaagtgagaccctgtctcaaaaaaaaaaaaatctttattctacagattgaaaggaaacacactgaatgaggaaaaactaacatacggtcatcaacatccttgtataacctagtttt	108336027	aaggtaagg	ttcaaaggtaaggaa	tgaggaaaaactaacatacggtcatcaacatccttgtataacctagtttttaaaaaaattggatttcaaaggtaaggaatgcattctttgctcatcccaataaaaagattaaattacctatcaggagttggtttgggaaat
FKTN	chr9	+	108397332	ATCCCTCTGTTTTGCTGCAGATA	AATCCCTCTGTTTTGCTGCAGATACCTGTTTCCGAAGTTTA	CACTAGCAGCTAGATTCCTTAGCTAGACCTTCTTCCACTGTTGAAGCCTAATCCCTCTGTTTTGCTGCAGATACCTGTTTCCGAAGTTTACACTGTGCTGGACTGAGTTTGTAGACATGAAGGTCCATGTACCCTGTGAAA	108397429	ATGGTAAGA	AACTATGGTAAGACC	CTGGACTGAGTTTGTAGACATGAAGGTCCATGTACCCTGTGAAACCCTCGAATACATTGAAGCCAACTATGGTAAGACCTGGAAGATTCCTGTAAAGACGTGGGACTGGAAGCGCTCTCCTCCCAATGTGCAACCCAATGG
SIGMAR1	chr9	-	34637604	CCGGGCCGCTCCGATTGGTCAGG	CGGGCCGCTCCGATTGGTCAGGGCGAGCCGTACCACGGCGG	CCGTGCTCCCCCCGAGGAAATGGTTCAACCGAAGGGCGGTGCCAAGGTGCCCGGGCCGCTCCGATTGGTCAGGGCGAGCCGTACCACGGCGGTGGCGGGGGAGCGCTTCGTGGGCAGCCGGCGGGCTCCGAGGCCGTGAGC	34637823	TGGGTACGC	TCTGGCTGGGTACGC	GCGGTGGGCGTGGGCCGCGCTGCTCCTGGCTGTCGCAGCGGTGCTGACCCAGGTCGTCTGGCTCTGGCTGGGTACGCAGAGCTTCGTCTTCCAGCGCGAAGAGATAGCGCAGTTGGCGCGGCAGTACGCTGGTGAGCGGGC
SIGMAR1	chr9	-	34637217	CGCCCCTCTGCCTCCGCCAGGGC	GCCCCTCTGCCTCCGCCAGGGCTGGACCACGAGCTGGCCTT	TCCGAAGGCGCCATCCCCGGACCTAGGACCGGTGCCAGCCCTGACTCCGCCGCCCCTCTGCCTCCGCCAGGGCTGGACCACGAGCTGGCCTTCTCTCGTCTGATCGTGGAGCTGCGGCGGCTGCACCCAGGCCACGTGCTG	34637417	CGGGTCAGT	GCCACTCGGGTCAGT	CCTTCTGCACGCCTCGCTGTCCGAGTATGTGCTGCTCTTCGGCACCGCCTTGGGCTCCCGCGGCCACTCGGGTCAGTGCTAGCGGCGGGCCAGACTGGGAGGCTGGGGTTGTAAAGGGGCCCATGCCCTCCTTTCTGATGT
SIGMAR1	chr9	-	34634719	CCACCTACCTCTTTGGCCAGGAC	CACCTACCTCTTTGGCCAGGACCCTTGACCAGCCAGGCCTG	CCTCTTCTATACTCTTCGCTCCTATGCTCGGGGCCTCCGGCTTGAGCTCACCACCTACCTCTTTGGCCAGGACCCTTGACCAGCCAGGCCTGAAGGAAGACCTGCGGATAGACAGGAGCGGGCAGGCCCGCACATATCCAC	34635637	CCATCTTTT	TCTGTTCCATCTTTT	TCACACAGCCCCTGCTGCATTCTCTGTCCATCTGTCTGTTTCTATTAATAAAGATTTGTTGATCTGTTCCATCTTTTTGTGTGTCTGAGCAGCCGGAAAAAGCCTCTGACCCCTGGGGACCTCAGGAAGATCTCTCTCTTG
SIGMAR1	chr9	-	34637264	CGCCCCTCTGCCTCCGCCAGGGC	GCCCCTCTGCCTCCGCCAGGGCTGGACCACGAGCTGGCCTT	TCCGAAGGCGCCATCCCCGGACCTAGGACCGGTGCCAGCCCTGACTCCGCCGCCCCTCTGCCTCCGCCAGGGCTGGACCACGAGCTGGCCTTCTCTCGTCTGATCGTGGAGCTGCGGCGGCTGCACCCAGGCCACGTGCTG	34637417	CGAGTATGT	GCTGTCCGAGTATGT	CTGCAGTGGGTGTTCGTGAATGCGGGTGGCTGGATGGGCGCCATGTGCCTTCTGCACGCCTCGCTGTCCGAGTATGTGCTGCTCTTCGGCACCGCCTTGGGCTCCCGCGGCCACTCGGGTCAGTGCTAGCGGCGGGCCAGA
SIGMAR1	chr9	-	34637544	CTTCGTGGGCAGCCGGCGGGCTC	TTCGTGGGCAGCCGGCGGGCTCCGAGGCCGTGAGCGCAAAG	CCGCTCCGATTGGTCAGGGCGAGCCGTACCACGGCGGTGGCGGGGGAGCGCTTCGTGGGCAGCCGGCGGGCTCCGAGGCCGTGAGCGCAAAGCCTCAGGCCCCGGCTCCCTCCTGAGCTGCGCCGTGCCAGGCCGCCCGCC	34637768	CTGGTGAGC	AGTACGCTGGTGAGC	GCTCTGGCTGGGTACGCAGAGCTTCGTCTTCCAGCGCGAAGAGATAGCGCAGTTGGCGCGGCAGTACGCTGGTGAGCGGGCAGAGGGCAGGGAGGGGAGCGGCCGGCCTGGGAGCGGAGCCTAGGGTTCCGAAGGCGCCAT
SIGMAR1	chr9	-	34634719	GGGTGCTCCCTGTCCCCCAGGGG	GGTGCTCCCTGTCCCCCAGGGGAGACGGTAGTACACGGGCC	CCAGGGAAGCAGCAGCCATGGAAGGGCAGGGCAGAGCTGGCTTTTCACTTGGGTGCTCCCTGTCCCCCAGGGGAGACGGTAGTACACGGGCCTGGTGAGGCAACAGCTGTGGAGTGGGGGCCAAACACATGGATGGTGGAG	34635855	CCATCTTTT	TCTGTTCCATCTTTT	TCACACAGCCCCTGCTGCATTCTCTGTCCATCTGTCTGTTTCTATTAATAAAGATTTGTTGATCTGTTCCATCTTTTTGTGTGTCTGAGCAGCCGGAAAAAGCCTCTGACCCCTGGGGACCTCAGGAAGATCTCTCTCTTG
SIGMAR1	chr9	-	34637544	CCGGGCCGCTCCGATTGGTCAGG	CGGGCCGCTCCGATTGGTCAGGGCGAGCCGTACCACGGCGG	CCGTGCTCCCCCCGAGGAAATGGTTCAACCGAAGGGCGGTGCCAAGGTGCCCGGGCCGCTCCGATTGGTCAGGGCGAGCCGTACCACGGCGGTGGCGGGGGAGCGCTTCGTGGGCAGCCGGCGGGCTCCGAGGCCGTGAGC	34637823	CTGGTGAGC	AGTACGCTGGTGAGC	GCTCTGGCTGGGTACGCAGAGCTTCGTCTTCCAGCGCGAAGAGATAGCGCAGTTGGCGCGGCAGTACGCTGGTGAGCGGGCAGAGGGCAGGGAGGGGAGCGGCCGGCCTGGGAGCGGAGCCTAGGGTTCCGAAGGCGCCAT
SIGMAR1	chr9	-	34636994	TGGCGCGAATACCCTGATAGTGT	GGCGCGAATACCCTGATAGTGTCATGTGCGATTGTCACTCA	TTGTAAAGGGGCCCATGCCCTCCTTTCTGATGTTTGGCTGGGCCATGCAATGGCGCGAATACCCTGATAGTGTCATGTGCGATTGTCACTCAGGGCGCTACTGGGCTGAGATCTCGGATACCATCATCTCTGGCACCTTCC	34637109	CAGGTGGGT	TCTACCCAGGTGGGT	GGATACCATCATCTCTGGCACCTTCCACCAGTGGAGAGAGGGCACCACCAAAAGTGAGGTCTTCTACCCAGGTGGGTAAGAAGGCTCTGTCAGAGAAGTGGGTCCCTTCACGCGGGGGGTGCCCACAATTGCGGGGAGCAT
SIGMAR1	chr9	-	34634720	GGGTGCTCCCTGTCCCCCAGGGG	GGTGCTCCCTGTCCCCCAGGGGAGACGGTAGTACACGGGCC	CCAGGGAAGCAGCAGCCATGGAAGGGCAGGGCAGAGCTGGCTTTTCACTTGGGTGCTCCCTGTCCCCCAGGGGAGACGGTAGTACACGGGCCTGGTGAGGCAACAGCTGTGGAGTGGGGGCCAAACACATGGATGGTGGAG	34635855	TCCATCTTT	ATCTGTTCCATCTTT	TTCACACAGCCCCTGCTGCATTCTCTGTCCATCTGTCTGTTTCTATTAATAAAGATTTGTTGATCTGTTCCATCTTTTTGTGTGTCTGAGCAGCCGGAAAAAGCCTCTGACCCCTGGGGACCTCAGGAAGATCTCTCTCTT
SIGMAR1	chr9	-	34636994	CATGTGCGATTGTCACTCAGGGC	ATGTGCGATTGTCACTCAGGGCGCTACTGGGCTGAGATCTC	TTTCTGATGTTTGGCTGGGCCATGCAATGGCGCGAATACCCTGATAGTGTCATGTGCGATTGTCACTCAGGGCGCTACTGGGCTGAGATCTCGGATACCATCATCTCTGGCACCTTCCACCAGTGGAGAGAGGGCACCACC	34637086	CAGGTGGGT	TCTACCCAGGTGGGT	GGATACCATCATCTCTGGCACCTTCCACCAGTGGAGAGAGGGCACCACCAAAAGTGAGGTCTTCTACCCAGGTGGGTAAGAAGGCTCTGTCAGAGAAGTGGGTCCCTTCACGCGGGGGGTGCCCACAATTGCGGGGAGCAT
LAMA2	chr6	+	129796535	TCCTCTTTCCCGTTATCTAGTAT	TTCCTCTTTCCCGTTATCTAGTATGAAAGCAAGGTAAAATT	TAAATGAAAATGTAATTATAAGTAAATTGTTTTTATTTTTGTTTTTTTTTTCCTCTTTCCCGTTATCTAGTATGAAAGCAAGGTAAAATTTAAATTTATGCATGCCTTCTTCGAGTGCATGGGTTGGGTAAATGTGGCTTC	129796546	AAGGTAAAA	AAGCAAGGTAAAATT	GTAATTATAAGTAAATTGTTTTTATTTTTGTTTTTTTTTTCCTCTTTCCCGTTATCTAGTATGAAAGCAAGGTAAAATTTAAATTTATGCATGCCTTCTTCGAGTGCATGGGTTGGGTAAATGTGGCTTCTTAGATAAAGC
WFS1	chr4	+	6279182	TTGACTTTTCTTCCAGGCAGGAT	CTTGACTTTTCTTCCAGGCAGGATGGACTCCAACACTGCTC	CAGACACTAAGTGCCAGAGCGGGCTCTGCCGGTGCTGGATGTGCCTGACCTTGACTTTTCTTCCAGGCAGGATGGACTCCAACACTGCTCCGCTGGGCCCCTCCTGCCCACAGCCCCCGCCAGCACCGCAGCCCCAGGCGC	6279414	CCGGTAAGG	GGCACCGGTAAGGGA	TAGAGACGCAGCGGCCCCCGCTGAACCCCAGGCCCAGCATACCAGGAGCCGGGAAAGAGCAGACGGCACCGGTAAGGGAGCAGGCTGGGAAGCCCAGGCTGGGGATGTTCAGGGATAGCTGGGTGGGAACGGGGTTCAGCC
WFS1	chr4	+	6279178	GACCTTGACTTTTCTTCCAGGCA	TGACCTTGACTTTTCTTCCAGGCAGGATGGACTCCAACACT	CCAGCAGACACTAAGTGCCAGAGCGGGCTCTGCCGGTGCTGGATGTGCCTGACCTTGACTTTTCTTCCAGGCAGGATGGACTCCAACACTGCTCCGCTGGGCCCCTCCTGCCCACAGCCCCCGCCAGCACCGCAGCCCCAG	6279414	CCGGTAAGG	GGCACCGGTAAGGGA	TAGAGACGCAGCGGCCCCCGCTGAACCCCAGGCCCAGCATACCAGGAGCCGGGAAAGAGCAGACGGCACCGGTAAGGGAGCAGGCTGGGAAGCCCAGGCTGGGGATGTTCAGGGATAGCTGGGTGGGAACGGGGTTCAGCC
LAMA2	chr6	+	129796535	TCCTCTTTCCCGTTATCTAGTAT	TTCCTCTTTCCCGTTATCTAGTATGAAAGCAAGGTAAAATT	TAAATGAAAATGTAATTATAAGTAAATTGTTTTTATTTTTGTTTTTTTTTTCCTCTTTCCCGTTATCTAGTATGAAAGCAAGGTAAAATTTAAATTTATGCATGCCTTCTTCGAGTGCATGGGTTGGGTAAATGTGGCTTC	129796546	AAGGTAAAA	AAGCAAGGTAAAATT	GTAATTATAAGTAAATTGTTTTTATTTTTGTTTTTTTTTTCCTCTTTCCCGTTATCTAGTATGAAAGCAAGGTAAAATTTAAATTTATGCATGCCTTCTTCGAGTGCATGGGTTGGGTAAATGTGGCTTCTTAGATAAAGC
LAMA2	chr6	+	129796535	TCCTCTTTCCCGTTATCTAGTAT	TTCCTCTTTCCCGTTATCTAGTATGAAAGCAAGGTAAAATT	TAAATGAAAATGTAATTATAAGTAAATTGTTTTTATTTTTGTTTTTTTTTTCCTCTTTCCCGTTATCTAGTATGAAAGCAAGGTAAAATTTAAATTTATGCATGCCTTCTTCGAGTGCATGGGTTGGGTAAATGTGGCTTC	129796546	AAGGTAAAA	AAGCAAGGTAAAATT	GTAATTATAAGTAAATTGTTTTTATTTTTGTTTTTTTTTTCCTCTTTCCCGTTATCTAGTATGAAAGCAAGGTAAAATTTAAATTTATGCATGCCTTCTTCGAGTGCATGGGTTGGGTAAATGTGGCTTCTTAGATAAAGC
APTX	chr9	-	32988081	CTTTTTCCAATCTCTTTCAGTAC	TTTTTCCAATCTCTTTCAGTACAGTTGAAAGCAGAGTGTAA	TTAGGGAAGATAGGAGCAAGTGCCTGGTTCTTTGTTGCATTTGTGTTTAACTTTTTCCAATCTCTTTCAGTACAGTTGAAAGCAGAGTGTAACAAGGGATATGTCAAGGTAAAGCAGGTAGGTGTATTTATAACTTGGAAT	32988127	CAGGTAGGT	GTAAAGCAGGTAGGT	TTAACTTTTTCCAATCTCTTTCAGTACAGTTGAAAGCAGAGTGTAACAAGGGATATGTCAAGGTAAAGCAGGTAGGTGTATTTATAACTTGGAATTTTATACTCGATGATTTTCTTATGCTGTTGACTTTAGAGTGTCTGT
APTX	chr9	-	32972604	ATCTCATATTGGTTTTCCAGAGT	TCTCATATTGGTTTTCCAGAGTAGCTGGGATTTGACTTTTC	TGGCATACTGATTGGAGTCACGTTTTTGATTTTTTTTTTTTTTTTTTGGTATCTCATATTGGTTTTCCAGAGTAGCTGGGATTTGACTTTTCTTCCTTGCCTGCAGCTGTGATCGAGATGGTACAAGAGGCTGGTAGAGTA	32973686	TCAGTTGTT	TTGTATTCAGTTGTT	ATGAAAAAGTTGCGTAGAGCCACTACTTTCTTTTTCCCTGAGAATAAATTTGGATAAAACAGTTGTATTCAGTTGTTTTTTGGGATAATATTAGAACTAAAGGTGAAGGGAAAACTAAAAAGTTGGGTTTGATGAAATTGT
APTX	chr9	-	32997241	gtgtttttctcctccacaagatt	tgtttttctcctccacaagatttattttttttagatgaggt	gcacagagcaatcatcatgtttaccacatctactattaacataattgtttgtgtttttctcctccacaagatttattttttttagatgaggtgttgctgtgttgcccaagctggacttgaacccctaggctcaagcaatcc	32997346	caggtacgt	ggactacaggtacgt	ccaagctggacttgaacccctaggctcaagcaatccttccacctcagtctcccaagtagcagggactacaggtacgtgccaccatgcctggctaaggctgagttttttgaaggctgggctcatatattatctctttattcc
APTX	chr9	-	32972604	CTTTTCTTCCTTGCCTGCAGCTG	TTTTCTTCCTTGCCTGCAGCTGTGATCGAGATGGTACAAGA	TTTTTTTTTTTGGTATCTCATATTGGTTTTCCAGAGTAGCTGGGATTTGACTTTTCTTCCTTGCCTGCAGCTGTGATCGAGATGGTACAAGAGGCTGGTAGAGTAACTGTCCGAGATGGGATGCCTGAGCTCTTGAAGCTG	32973650	TCAGTTGTT	TTGTATTCAGTTGTT	ATGAAAAAGTTGCGTAGAGCCACTACTTTCTTTTTCCCTGAGAATAAATTTGGATAAAACAGTTGTATTCAGTTGTTTTTTGGGATAATATTAGAACTAAAGGTGAAGGGAAAACTAAAAAGTTGGGTTTGATGAAATTGT
APTX	chr9	-	33001331	CGTGAATTTGTCCGTCTCCGACT	GTGAATTTGTCCGTCTCCGACTTCTGGAGGTAAGGCGGTCG	CCTCTGACGTCATCCCGCAGCGCCGGAAGCGGTGAGGCACAGATGAGTAACGTGAATTTGTCCGTCTCCGACTTCTGGAGGTAAGGCGGTCGTCAGCCTATCTCTTCTGCTGGCTGGGCTCAATGCCGCGGGTGAGCGTTC	33001574	CCTGTATGT	CCGACACCTGTATGT	GGCTGTTTCAGCGGGCGCTCGCGTTGGTCTTCGACCCACTTTGCGTTTGTTCACGTGTGCTCCCGACACCTGTATGTACCTTGGTCGCAACACAAGCCGAAAAAATATTAGAGAATGGGCCCTGTCCAACCAAGGAGGCGG
APTX	chr9	-	32987542	ACTTTATCCATATATTGTAGAGT	CTTTATCCATATATTGTAGAGTTTGAGGAAGAGGCAAAGAA	GACCAAGAGGTGAAGCTGCAGCCTGGCCAGGTTCTCCACATGGTGAATGAACTTTATCCATATATTGTAGAGTTTGAGGAAGAGGCAAAGAACCCTGGCCTGGAAACACACAGGAAGAGAAAGAGATCAGGCAACAGTGAT	32987729	AAGGTGAGG	ATCAAAAAGGTGAGG	TGGAACCTGGGAGCAACTCTGGCCAATGCTCTGTGCCCCTAAAGAAGGGAAAAGATGCACCTATCAAAAAGGTGAGGGTAGTGTGATTGGTAGATGATGTGGAGAAGAAATGAAATATAATGACTGCTTAATTGTTTTGTA
APTX	chr9	-	32987758	TCTGATTGTTTATTCCATAGGTA	CTGATTGTTTATTCCATAGGTAGGAGTCAATCCCACCAGCA	TAGCAGTGGCTATCTTACTGTAGGTGCTGTTGCTATTATTATAATTATTTTCTGATTGTTTATTCCATAGGTAGGAGTCAATCCCACCAGCATTGACTCAGTCGTAATTGGGAAGGACCAAGAGGTGAAGCTGCAGCCTGG	32987844	ATGGTGAAT	CTCCACATGGTGAAT	CCAGCATTGACTCAGTCGTAATTGGGAAGGACCAAGAGGTGAAGCTGCAGCCTGGCCAGGTTCTCCACATGGTGAATGAACTTTATCCATATATTGTAGAGTTTGAGGAAGAGGCAAAGAACCCTGGCCTGGAAACACACA
APTX	chr9	-	33001514	CCGCAGCGCCGGAAGCGGTGAGG	CGCAGCGCCGGAAGCGGTGAGGCACAGATGAGTAACGTGAA	AGGTGCTGGTGACGTCACTGGTCGCGATACAGCCGGCCTCTGACGTCATCCCGCAGCGCCGGAAGCGGTGAGGCACAGATGAGTAACGTGAATTTGTCCGTCTCCGACTTCTGGAGGTAAGGCGGTCGTCAGCCTATCTCT	33001610	CGGGTGAGC	ATGCCGCGGGTGAGC	TCCGTCTCCGACTTCTGGAGGTAAGGCGGTCGTCAGCCTATCTCTTCTGCTGGCTGGGCTCAATGCCGCGGGTGAGCGTTCGGCCGAGGCTGCTCCTACCCTTGAGTGATGTGCCTTGAATGACGCTGCTTTCATGCGCTG
APTX	chr9	-	33001565	TCGCGATACAGCCGGCCTCTGAC	CGCGATACAGCCGGCCTCTGACGTCATCCCGCAGCGCCGGA	GCAAGATTCTTTCAGCCAATCCGTTAGAGAGGTGCTGGTGACGTCACTGGTCGCGATACAGCCGGCCTCTGACGTCATCCCGCAGCGCCGGAAGCGGTGAGGCACAGATGAGTAACGTGAATTTGTCCGTCTCCGACTTCT	33001639	GAGGTAAGG	CTTCTGGAGGTAAGG	TCATCCCGCAGCGCCGGAAGCGGTGAGGCACAGATGAGTAACGTGAATTTGTCCGTCTCCGACTTCTGGAGGTAAGGCGGTCGTCAGCCTATCTCTTCTGCTGGCTGGGCTCAATGCCGCGGGTGAGCGTTCGGCCGAGGC
APTX	chr9	-	32987542	TCTGATTGTTTATTCCATAGGTA	CTGATTGTTTATTCCATAGGTAGGAGTCAATCCCACCAGCA	TAGCAGTGGCTATCTTACTGTAGGTGCTGTTGCTATTATTATAATTATTTTCTGATTGTTTATTCCATAGGTAGGAGTCAATCCCACCAGCATTGACTCAGTCGTAATTGGGAAGGACCAAGAGGTGAAGCTGCAGCCTGG	32987844	AAGGTGAGG	ATCAAAAAGGTGAGG	TGGAACCTGGGAGCAACTCTGGCCAATGCTCTGTGCCCCTAAAGAAGGGAAAAGATGCACCTATCAAAAAGGTGAGGGTAGTGTGATTGGTAGATGATGTGGAGAAGAAATGAAATATAATGACTGCTTAATTGTTTTGTA
DYSF	chr2	+	71680753	TAGTCCAGCCCCCGGCCATCGCG	CTAGTCCAGCCCCCGGCCATCGCGGCCGCCGCCCAGCCAGG	TTTCTCCTGTCCAAGAGCGAGATCTGGGCTACGCCGGGCGCCCGGAGCCCTAGTCCAGCCCCCGGCCATCGCGGCCGCCGCCCAGCCAGGTGCAAAATGCCGTGTCATTGGGAGACTCCGCAGCCGGAGCATTAGATTACA	71681216	CAGGTAGGA	TTTGCAGGTAGGAGG	CCTCTATGCCGAGAACGTCCACACACCCGACACCGACATCAGCGATGCCTACTGCTCCGCGGTGTTTGCAGGTAGGAGGGGCCGACCACCCTCGCCCGGGGTCGGGGTGGGGTAGAGGAGGGGACGCCGCGGCTCTCAACC
DYSF	chr2	+	71776480	TCCATTTCTTTACGCTTCAGAGG	TTCCATTTCTTTACGCTTCAGAGGAGCCTGCAGGTGCTGTC	CTGTTCATGTAACCCGTCCTTCTCCCAGCCATGCCCACCCTAACCCCTTTTCCATTTCTTTACGCTTCAGAGGAGCCTGCAGGTGCTGTCAAGCCTTCGAAAGCCTCAGACTGTACGTTGCTGTCACCTTGGGGACAACCA	71776521	ACTGTACGT	TCAGACTGTACGTTG	AACCCCTTTTCCATTTCTTTACGCTTCAGAGGAGCCTGCAGGTGCTGTCAAGCCTTCGAAAGCCTCAGACTGTACGTTGCTGTCACCTTGGGGACAACCAGGGGAGTGGGGCCTTGGGTTTTGGCTAGAGGGGCGAGGGTG
DYSF	chr2	+	71693832	TCTCCCAGGCATTGGTCACTTCT	CTCTCCCAGGCATTGGTCACTTCTCCGCGGAGGAGCAGCGA	CCGGAGGGGGAGGGTCCGCCCAGCGGGTGTCCGGTGTCCTCCCTGCAGCCTCTCCCAGGCATTGGTCACTTCTCCGCGGAGGAGCAGCGAAGGCGACAGCTCTCTTGGCGCGGCTGCCTGGGAGCCGGGCGCTTGCTGGGT	71694063	GAGGTGAGA	TTCCGAGGTGAGAGC	GAGGGCCAGCAACCTCCCCAGTGCGAAGAAGGACCGGCGCAGCGACCCTGTCGCAAGCCTGACTTTCCGAGGTGAGAGCCCCGTGGCTGCCGCGCCCATGCTCGGGTGCTACCCGACTCTCGGCGCTCACTGGCGGGTCTG
DYSF	chr2	+	71847677	CCAGCATGTTTCATTTGTAGCTT	ACCAGCATGTTTCATTTGTAGCTTGCAGACGGTCTGTCGAG	TGGAGACTGTCCAGCCTTCCCTAAAGTGGGTTCTCTAATCCTGTTGCTAACCAGCATGTTTCATTTGTAGCTTGCAGACGGTCTGTCGAGCTTGGCCCCCACTAACACGGCTTCTCCTCCATCCAGTCCTCATGTATGTAC	71847739	CATGTATGT	TCCTCATGTATGTAC	ATTTGTAGCTTGCAGACGGTCTGTCGAGCTTGGCCCCCACTAACACGGCTTCTCCTCCATCCAGTCCTCATGTATGTACTGTTTACTTATTTGTGGGCTCCTTGTATTCCCTTGTGGGGCTgggggtaggggggttaggag
DYSF	chr2	+	71740370	ATGCCCTGCCCACAAGACAGGCG	TATGCCCTGCCCACAAGACAGGCGGGGGACAGAGCCGGGCC	CAGTAGGTTGGTTTCCTTCACCCCAACCTCCTCCCTCCCCTCCCGGGGTTATGCCCTGCCCACAAGACAGGCGGGGGACAGAGCCGGGCCGAGACTTGGTCCCTGCTCAGTGACAGCACCATGGACACGAGATACTCTGGA	71740462	CGGGTGAGA	CCCACGGGTGAGACA	GACTTGGTCCCTGCTCAGTGACAGCACCATGGACACGAGATACTCTGGAAAGAAGTGGCCGGCCCCCACGGGTGAGACACGGGCCAGGACTGTCCTGATCCCAGACCCTCCCTGTAACTGTCTCACTAGCTGCCATGGTCA
SGCE	chr7	-	94229009	AAATTTTGTTTTGTTTCTAGGGA	AATTTTGTTTTGTTTCTAGGGAAAAGAGAAACATGCAAACA	TGAGCATATAGTCTTAATGTTCCAAATATCAATGCTATTATTTAATTCATAAATTTTGTTTTGTTTCTAGGGAAAAGAGAAACATGCAAACACCAGAGTAAGTGTCTTCTTTCCTGTTATTTTCTTCATCATTTTTTCCCA	94229035	AGAGTAAGT	AACACCAGAGTAAGT	TATCAATGCTATTATTTAATTCATAAATTTTGTTTTGTTTCTAGGGAAAAGAGAAACATGCAAACACCAGAGTAAGTGTCTTCTTTCCTGTTATTTTCTTCATCATTTTTTCCCACCTCTCAGTTGCCCATCATGCTCCAT
SGCE	chr7	-	94217090	ACTGCTTTCGTGAATTTAAGGAG	CTGCTTTCGTGAATTTAAGGAGATTTTCGTTTGACAACTTT	ACATTCAGAAATGTGTTGGATGTTTTCATTCAGAAATTATCTTCTCTATTACTGCTTTCGTGAATTTAAGGAGATTTTCGTTTGACAACTTTTCAAAGATTTGAGGCAAGTATAATGAAATTGTTCATCAGATTTCAATTA	94217124	GAGGCAAGT	AGATTTGAGGCAAGT	AATTATCTTCTCTATTACTGCTTTCGTGAATTTAAGGAGATTTTCGTTTGACAACTTTTCAAAGATTTGAGGCAAGTATAATGAAATTGTTCATCAGATTTCAATTACAAGATGTTTATCAGAATTTTTCCCTACAATTTT
SGCE	chr7	-	94227242	ttttcttttttttttttaagatg	tttcttttttttttttaagatggagtttcgctcctgttgcc	ATATAAGGGAATGGTGGGTAAAACTGTTATTTATAAGAATATGTCTCtttttttcttttttttttttaagatggagtttcgctcctgttgcccaggctggagtgcaatggagcgatcttggctcactgcagcctccgcctc	94227316	caggttcaa	gcctcccaggttcaa	agtttcgctcctgttgcccaggctggagtgcaatggagcgatcttggctcactgcagcctccgcctcccaggttcaagtgattctcctgcctcagcctcccaagtagctcggattatacgcacctgcccccatgcccagct
RYR1	chr19	+	39014555	TCTGCGGTCCGGTGAAGCAGGCG	GTCTGCGGTCCGGTGAAGCAGGCGGGAGATATACAGGTCAG	AGTTGGGCCTGGGCTTCTCTGCGGGGCTGGGGTAACCCTTCTTGTCTCTGTCTGCGGTCCGGTGAAGCAGGCGGGAGATATACAGGTCAGCCCCACATCTGGGACCTTCCGCATGTCTCTTGGCTAATGCCCTCTTCcccc	39014569	CAGGTCAGC	TATACAGGTCAGCCC	TTCTCTGCGGGGCTGGGGTAACCCTTCTTGTCTCTGTCTGCGGTCCGGTGAAGCAGGCGGGAGATATACAGGTCAGCCCCACATCTGGGACCTTCCGCATGTCTCTTGGCTAATGCCCTCTTCccccagcctctgcacgcc
RYR1	chr19	+	39014555	TCTGCGGTCCGGTGAAGCAGGCG	GTCTGCGGTCCGGTGAAGCAGGCGGGAGATATACAGGTCAG	AGTTGGGCCTGGGCTTCTCTGCGGGGCTGGGGTAACCCTTCTTGTCTCTGTCTGCGGTCCGGTGAAGCAGGCGGGAGATATACAGGTCAGCCCCACATCTGGGACCTTCCGCATGTCTCTTGGCTAATGCCCTCTTCcccc	39014569	CAGGTCAGC	TATACAGGTCAGCCC	TTCTCTGCGGGGCTGGGGTAACCCTTCTTGTCTCTGTCTGCGGTCCGGTGAAGCAGGCGGGAGATATACAGGTCAGCCCCACATCTGGGACCTTCCGCATGTCTCTTGGCTAATGCCCTCTTCccccagcctctgcacgcc
PEX1	chr7	-	92148309	AAATTTTTAATTTTTTCTAGGTA	AATTTTTAATTTTTTCTAGGTATTTCTCAAGCCATGTTCCC	CTTCTTATTTTCTAATATATGACACAGAAAAGTTTTTTTAAAGTAGTTTTAAATTTTTAATTTTTTCTAGGTATTTCTCAAGCCATGTTCCCATGTGGTATCTTGTCAACAAGTTGAGGTGGAACCCCTCTCAGCAGATGA	92148392	CTGGTAAAG	GAGATACTGGTAAAG	CATGTTCCCATGTGGTATCTTGTCAACAAGTTGAGGTGGAACCCCTCTCAGCAGATGATTGGGAGATACTGGTAAAGAAAACCAAATAAGAACTATCTCATTTAAGGTTAAATTACTTCACAATATCAATGTCTTTAGCTT
PEX1	chr7	-	92148274	AAATTTTTAATTTTTTCTAGGTA	AATTTTTAATTTTTTCTAGGTATTTCTCAAGCCATGTTCCC	CTTCTTATTTTCTAATATATGACACAGAAAAGTTTTTTTAAAGTAGTTTTAAATTTTTAATTTTTTCTAGGTATTTCTCAAGCCATGTTCCCATGTGGTATCTTGTCAACAAGTTGAGGTGGAACCCCTCTCAGCAGATGA	92148392	AAGGTTAAA	TCATTTAAGGTTAAA	GTGGAACCCCTCTCAGCAGATGATTGGGAGATACTGGTAAAGAAAACCAAATAAGAACTATCTCATTTAAGGTTAAATTACTTCACAATATCAATGTCTTTAGCTTTCTCTAAGCTTTATTATATATTCTGAGTTGGTTTT
PEX1	chr7	-	92134046	TTCATATCTTCTGTATTAAGGAA	TCATATCTTCTGTATTAAGGAAAAAGGCTTGAAAACATACA	TCAAAAGGACAACCTGAATTTTCCCAGCACTGAAATGATACTGAAACCATTTCATATCTTCTGTATTAAGGAAAAAGGCTTGAAAACATACAAAAAACCCTAGAGGTGGCTTTCTCAGAGGCAGTGTGGATGCAGCCATCT	92134216	ATGGTAAAT	TTGCTCATGGTAAAT	TGCTGGACTGCCTGCTGTCCCGGAACATGAGCACAGTCCTGATGCGGTGCAGAGCCAGCGGCTTGCTCATGGTAAATGCATCCACCACTGGCTTAAGGTCTTGTTCTTTTGTCAGTCAGCATTTTTAGTCTTAACAATAAA
BRCA1	chr17	-	41201138	CATCTAAATGTCCATTTTAGATC	ATCTAAATGTCCATTTTAGATCAACTGGAATGGATGGTACA	TGTAGGGTAGAGGGCCTGGGTTAAGTATGCAGATTACTGCAGTGATTTTACATCTAAATGTCCATTTTAGATCAACTGGAATGGATGGTACAGCTGTGTGGTGCTTCTGTGGTGAAGGAGCTTTCATCATTCACCCTTGGC	41201211	ACAGTAAGT	CTTGGCACAGTAAGT	AACTGGAATGGATGGTACAGCTGTGTGGTGCTTCTGTGGTGAAGGAGCTTTCATCATTCACCCTTGGCACAGTAAGTATTGGGTGCCCTGTCAGAGAGGGAGGACACAATATTCTCTCCTGTGAGCAAGACTGGCACCTGT
BRCA1	chr17	-	41277294	CGTATTCTGAGAGGCTGCTGCTT	GTATTCTGAGAGGCTGCTGCTTAGCGGTAGCCCCTTGGTTT	AGACGCTTGGCTCTTTCTGTCCCTCCCATCCTCTGATTGTACCTTGATTTCGTATTCTGAGAGGCTGCTGCTTAGCGGTAGCCCCTTGGTTTCCGTGGCAACGGAAAAGCGCGGGAATTACAGATAAATTAAAACTGCGAC	41277468	TGGGTAAAG	CTGCTCTGGGTAAAG	GGGGGACAGGCTGTGGGGTTTCTCAGATAACTGGGCCCCTGCGCTCAGGAGGCCTTCACCCTCTGCTCTGGGTAAAGGTAGTAGAGTCCCGGGAAAGGGACAGGGGGCCCAAGTGATGCTCTGGGGTACTGGCGTGGGAGA
BRCA1	chr17	-	41246761	TTATTTTTGTATATTTTCAGCTG	TATTTTTGTATATTTTCAGCTGCTTGTGAATTTTCTGAGAC	TGTATGAAGTATGTATTTTTTTAATGACAATTCAGTTTTTGAGTACCTTGTTATTTTTGTATATTTTCAGCTGCTTGTGAATTTTCTGAGACGGATGTAACAAATACTGAACATCATCAACCCAGTAATAATGATTTGAAC	41246877	AGGGTAGTT	AGTATCAGGGTAGTT	TCAACCCAGTAATAATGATTTGAACACCACTGAGAAGCGTGCAGCTGAGAGGCATCCAGAAAAGTATCAGGGTAGTTCTGTTTCAAACTTGCATGTGGAGCCATGTGGCACAAATACTCATGCCAGCTCATTACAGCATGA
BRCA1	chr17	-	41277288	GTCCCTCCCATCCTCTGATTGTA	TCCCTCCCATCCTCTGATTGTACCTTGATTTCGTATTCTGA	GGCAGACTGGGTGGCCAATCCAGAGCCCCGAGAGACGCTTGGCTCTTTCTGTCCCTCCCATCCTCTGATTGTACCTTGATTTCGTATTCTGAGAGGCTGCTGCTTAGCGGTAGCCCCTTGGTTTCCGTGGCAACGGAAAAG	41277500	AAGGTAGTA	TGGGTAAAGGTAGTA	CAGGCTGTGGGGTTTCTCAGATAACTGGGCCCCTGCGCTCAGGAGGCCTTCACCCTCTGCTCTGGGTAAAGGTAGTAGAGTCCCGGGAAAGGGACAGGGGGCCCAAGTGATGCTCTGGGGTACTGGCGTGGGAGAGTGGAT
BRCA1	chr17	-	41243452	TTATTTTTGTATATTTTCAGCTG	TATTTTTGTATATTTTCAGCTGCTTGTGAATTTTCTGAGAC	TGTATGAAGTATGTATTTTTTTAATGACAATTCAGTTTTTGAGTACCTTGTTATTTTTGTATATTTTCAGCTGCTTGTGAATTTTCTGAGACGGATGTAACAAATACTGAACATCATCAACCCAGTAATAATGATTTGAAC	41246877	TAGGTATTG	CAAACTTAGGTATTG	AGATGATGAAGAAAGAGGAACGGGCTTGGAAGAAAATAATCAAGAAGAGCAAAGCATGGATTCAAACTTAGGTATTGGAACCAGGTTTTTGTGTTTGCCCCAGTCTATTTATAGAAGTGAGCTAAATGTTTATGCTTTTGG
BRCA1	chr17	-	41228505	TCTCATTCCATTTAAAGCAGTAT	CTCATTCCATTTAAAGCAGTATTAACTTCACAGAAAAGTAG	TCTAACCTGAATTATCACTATCAGAACAAAGCAGTAAAGTAGATTTGTTTTCTCATTCCATTTAAAGCAGTATTAACTTCACAGAAAAGTAGTGAATACCCTATAAGCCAGAATCCAGAAGGCCTTTCTGCTGACAAGTTT	41228628	AAGGTAAGA	AGTGGAAAGGTAAGA	CTTTCTGCTGACAAGTTTGAGGTGTCTGCAGATAGTTCTACCAGTAAAAATAAAGAACCAGGAGTGGAAAGGTAAGAAACATCAATGTAAAGATGCTGTGGTATCTGACATCTTTATTTATATTGAACTCTGATTGTTAAT
BRCA1	chr17	-	41267743	CTCCCCCCCTACCCTGCTAGTCT	TCCCCCCCTACCCTGCTAGTCTGGAGTTGATCAAGGAACCT	GAATAGCtttatttttaaataaattattGAGCCTCATTTATTTTCTTTTTCTCCCCCCCTACCCTGCTAGTCTGGAGTTGATCAAGGAACCTGTCTCCACAAAGTGTGACCACATATTTTGCAAGTAAGTTTGAATGTGTT	41267796	CAAGTAAGT	ATTTTGCAAGTAAGT	CCCCCCTACCCTGCTAGTCTGGAGTTGATCAAGGAACCTGTCTCCACAAAGTGTGACCACATATTTTGCAAGTAAGTTTGAATGTGTTATGTGGCTCCATTATTAGCTTTTGTTTTTGTCCTTCATAACCCAGGAAACACC
BRCA1	chr17	-	41228505	TTTTCTCATTCCATTTAAAGCAG	TTTCTCATTCCATTTAAAGCAGTATTAACTTCACAGAAAAG	TATTCTAACCTGAATTATCACTATCAGAACAAAGCAGTAAAGTAGATTTGTTTTCTCATTCCATTTAAAGCAGTATTAACTTCACAGAAAAGTAGTGAATACCCTATAAGCCAGAATCCAGAAGGCCTTTCTGCTGACAAG	41228631	AAGGTAAGA	AGTGGAAAGGTAAGA	CTTTCTGCTGACAAGTTTGAGGTGTCTGCAGATAGTTCTACCAGTAAAAATAAAGAACCAGGAGTGGAAAGGTAAGAAACATCAATGTAAAGATGCTGTGGTATCTGACATCTTTATTTATATTGAACTCTGATTGTTAAT
BRCA1	chr17	-	41231351	CAATTTCACCTTTCTTACAGATT	AATTTCACCTTTCTTACAGATTCGCATATACATGGCCAAAG	ACACTTGTGGGGCATTCCTTTTTGAACAGTACCCGTTCCCTTGATGTCTACAATTTCACCTTTCTTACAGATTCGCATATACATGGCCAAAGGAACAACTCCATGTTTTCTAAAAGGCCTAGAGAACATATATCAGGTGCC	41231416	CAGGTGCCT	ATATATCAGGTGCCT	TACAGATTCGCATATACATGGCCAAAGGAACAACTCCATGTTTTCTAAAAGGCCTAGAGAACATATATCAGGTGCCTCTCCTCTTTCCCTTTGTGTTCGTCATTTTGGCAAATTACTGAAAGATGGTGGTTCTGGCCAAAA
PDHA1	chrX	+	19369399	TTCTCCTTCCTCTAACACAGGAA	TTTCTCCTTCCTCTAACACAGGAAGCTTGCTGTGTGGGCCT	GGTCTAGGAAACGTTTTTATTTAGAAACATGTATCATATTGCCTCATAGTTTCTCCTTCCTCTAACACAGGAAGCTTGCTGTGTGGGCCTGGAGGCCGGCATCAACCCCACAGACCATCTCATCACAGCCTACCGGGCTCA	19369525	CAGGTTTGC	CTTACAGGTTTGCTG	AGCCTACCGGGCTCACGGCTTTACTTTCACCCGGGGCCTTTCCGTCCGAGAAATTCTCGCAGAGCTTACAGGTTTGCTGTTGATTTACAGAAAGGGGAAATGAGTGGATTAAGTTTTTAAATATCTGTCATTAAGATGCTA
PDHA1	chrX	+	19364628	aaaaattttttttttactagaga	aaaaaattttttttttactagagacatggtcttgctacgtt	tgagtagctgggaacacaggcatgtgccaccaccacacccagccaattaaaaaaattttttttttactagagacatggtcttgctacgttgcccagtctggtctccatctccaggctcaagcagtcctcccacctcggcct	19364741	CAGGTAGGG	CAGGCAGGTAGGGAG	ggctcaagcagtcctcccacctcggcctcccaaagtgctgggattacTCTCACTCTCTTAAAACCAGGCAGGTAGGGAGATTTATCTCAGGCTTAAAGATTGCCATTGTCTCATCAAAGAGTGTTTGGTGTGAAACTTTGA
PDHA1	chrX	+	19369378	TGTATCATATTGCCTCATAGTTT	ATGTATCATATTGCCTCATAGTTTCTCCTTCCTCTAACACA	CTAGCCCACATATTTCACTGTGGTCTAGGAAACGTTTTTATTTAGAAACATGTATCATATTGCCTCATAGTTTCTCCTTCCTCTAACACAGGAAGCTTGCTGTGTGGGCCTGGAGGCCGGCATCAACCCCACAGACCATCT	19369525	CAGGTTTGC	CTTACAGGTTTGCTG	AGCCTACCGGGCTCACGGCTTTACTTTCACCCGGGGCCTTTCCGTCCGAGAAATTCTCGCAGAGCTTACAGGTTTGCTGTTGATTTACAGAAAGGGGAAATGAGTGGATTAAGTTTTTAAATATCTGTCATTAAGATGCTA
PDHA1	chrX	+	19372609	TCGGTTGTCCTTAATGTTAGGTG	CTCGGTTGTCCTTAATGTTAGGTGCCCCTGGGCGCTGGGAT	TGCAGGGCATTAATTAGTATCTCCCCTCATGGATTTCTGTGGTTCCTTTCTCGGTTGTCCTTAATGTTAGGTGCCCCTGGGCGCTGGGATTGCTCTAGCCTGTAAGTATAATGGAAAAGATGAGGTCTGCCTGACTTTATA	19372701	CAGGTAATT	TAACCAGGTAATTAT	CTCTAGCCTGTAAGTATAATGGAAAAGATGAGGTCTGCCTGACTTTATATGGCGATGGTGCTGCTAACCAGGTAATTATGTCTCTTAACTTCCCAAAAACAGTCTTATTTTCAAAGTCTTTAATATTTACAGTTGAATTTC
ATP7B	chr13	-	52534284	TTGCTGCATTTGCTTTCCAGGTG	TGCTGCATTTGCTTTCCAGGTGGAAGAAGTCTTTCCTGTGC	AGGGGAGTGGCTTGTAATCCAGGTGACAAGCAGCATCTGATATATCTGTGTTGCTGCATTTGCTTTCCAGGTGGAAGAAGTCTTTCCTGTGCAGCCTGGTGTTTGGCATCCCTGTCATGGCCTTAATGATCTATATGCTGA	52534458	CAGGTATAT	TTTGTCCAGGTATAT	TGGACCACAACATCATTCCAGGACTGTCCATTCTAAATCTCATCTTCTTTATCTTGTGTACCTTTGTCCAGGTATATATGAGAAAGTGGGCAGACCTCTCCCTTCCATGCTGTGTGTGGCCCTCAGATATTCTGCCCGCTA
ATP7B	chr13	-	52532447	TCACTGTCCTTGTCTTTCAGCTC	CACTGTCCTTGTCTTTCAGCTCCTCGGTGGGTGGTACTTCT	CTTGGCCCTGTGTCGCTCATTGAACTCTCCTCCCTACTTGCTGGCAGCCTTCACTGTCCTTGTCTTTCAGCTCCTCGGTGGGTGGTACTTCTACGTTCAGGCCTACAAATCTCTGAGACACAGGTCAGCCAACATGGACGT	52532680	AAGGTAACA	TTGGCAAAGGTAACA	CATTCTTCGACACGCCCCCCATGCTCTTTGTGTTCATTGCCCTGGGCCGGTGGCTGGAACACTTGGCAAAGGTAACAGCAGCTTCAGGTTCAGAAAAGAGCTGCTCCTTCAGTAAACAAATCTCACTTCCTCTGAACACCA
ATP7B	chr13	-	52535973	CCTCTCTTTTTAATGACAAGGAA	CTCTCTTTTTAATGACAAGGAAATTGGCTTTCATGCTTCCC	TTTCTGCCAATGCATATTTTAACCAAGTACCTTCCTCCTTTTTCCCCACCCCTCTCTTTTTAATGACAAGGAAATTGGCTTTCATGCTTCCCTGGCCCAGAGAAACCCCAACGCTCATCACTTGGACCACAAGATGGAAAT	52536049	GCAGTAGGT	AATAAAGCAGTAGGT	GGCTTTCATGCTTCCCTGGCCCAGAGAAACCCCAACGCTCATCACTTGGACCACAAGATGGAAATAAAGCAGTAGGTAGAACACAAAAGATAAACTCCAGCTCTCATCTAAGTCCCTTCCTCTACCTGGGCCCAACTCTGC
ATP7B	chr13	-	52548554	GTTATTTCTTTTCTTTTTAGATC	TTATTTCTTTTCTTTTTAGATCTTATCTAAGCTTTCTTTGC	CAGAGAAGCTGGGATGTTGTAGAAAATATTTGGTTTCAAGGTTAAAAAATGTTATTTCTTTTCTTTTTAGATCTTATCTAAGCTTTCTTTGCCTACCCGTGCCTGGGAACCAGCAATGAAGAAGAGTTTTGCTTTTGACAA	52549304	ATTGTAAGT	GAATGCATTGTAAGT	TAATTCTGAGACCTTGGGGCACCAAGGAAGCCATGTGGTCACCCTCCAACTGAGAATAGATGGAATGCATTGTAAGTCTTGCGTCTTGAATATTGAAGAAAATATTGGCCAGCTCCTAGGGGTTCAAAGTATTCAAGTGTC
ATP7B	chr13	-	52548071	CTGTGTCCATTCCATTGAAGGCA	TGTGTCCATTCCATTGAAGGCATGATCTCCCAACTGGAAGG	GGCACATGCAGTACCACTCTGATTGCCATTGCCGGCATGACCTGTGCATCCTGTGTCCATTCCATTGAAGGCATGATCTCCCAACTGGAAGGGGTGCAGCAAATATCGGTGTCTTTGGCCGAAGGGACTGCAACAGTTCTT	52548220	CTGGTACGT	TCGTTTCTGGTACGT	CTCTGTAATTAGCCCAGAAGAACTCAGAGCTGCTATAGAAGACATGGGATTTGAGGCTTCAGTCGTTTCTGGTACGTAGTGTGTTTGAGGCATGTCCTGAGCTTGTCTCCTTTTCTCTTTGTGTCTTATAGCTCCTGGATG
ATP7B	chr13	-	52548071	GTTATTTCTTTTCTTTTTAGATC	TTATTTCTTTTCTTTTTAGATCTTATCTAAGCTTTCTTTGC	CAGAGAAGCTGGGATGTTGTAGAAAATATTTGGTTTCAAGGTTAAAAAATGTTATTTCTTTTCTTTTTAGATCTTATCTAAGCTTTCTTTGCCTACCCGTGCCTGGGAACCAGCAATGAAGAAGAGTTTTGCTTTTGACAA	52549304	CTGGTACGT	TCGTTTCTGGTACGT	CTCTGTAATTAGCCCAGAAGAACTCAGAGCTGCTATAGAAGACATGGGATTTGAGGCTTCAGTCGTTTCTGGTACGTAGTGTGTTTGAGGCATGTCCTGAGCTTGTCTCCTTTTCTCTTTGTGTCTTATAGCTCCTGGATG
ATP7B	chr13	-	52523798	TTGGTGTTTTATTTTCATAGGCA	TGGTGTTTTATTTTCATAGGCACCCATTCAGCAGCTGGCTG	TCCATGCTTGTGGTGTTTTATTTCTTCATAGGTTGTAATTTCCCATGGTCTTGGTGTTTTATTTTCATAGGCACCCATTCAGCAGCTGGCTGACCGGTTTAGTGGATATTTTGTCCCATTTATCATCATCATGTCAACTTT	52523932	CCTGTAAGT	TACTTTCCTGTAAGT	CAACTTTGACGTTGGTGGTATGGATTGTAATCGGTTTTATCGATTTTGGTGTTGTTCAGAGATACTTTCCTGTAAGTTGAATGCCTTGGGCTATATGGTGGTTGTGTTTTAAATAATCTACTGACATTGATCCTGTTCTTT
RYR1	chr19	+	39014555	TCTGCGGTCCGGTGAAGCAGGCG	GTCTGCGGTCCGGTGAAGCAGGCGGGAGATATACAGGTCAG	AGTTGGGCCTGGGCTTCTCTGCGGGGCTGGGGTAACCCTTCTTGTCTCTGTCTGCGGTCCGGTGAAGCAGGCGGGAGATATACAGGTCAGCCCCACATCTGGGACCTTCCGCATGTCTCTTGGCTAATGCCCTCTTCcccc	39014569	CAGGTCAGC	TATACAGGTCAGCCC	TTCTCTGCGGGGCTGGGGTAACCCTTCTTGTCTCTGTCTGCGGTCCGGTGAAGCAGGCGGGAGATATACAGGTCAGCCCCACATCTGGGACCTTCCGCATGTCTCTTGGCTAATGCCCTCTTCccccagcctctgcacgcc
RYR1	chr19	+	39014555	TCTGCGGTCCGGTGAAGCAGGCG	GTCTGCGGTCCGGTGAAGCAGGCGGGAGATATACAGGTCAG	AGTTGGGCCTGGGCTTCTCTGCGGGGCTGGGGTAACCCTTCTTGTCTCTGTCTGCGGTCCGGTGAAGCAGGCGGGAGATATACAGGTCAGCCCCACATCTGGGACCTTCCGCATGTCTCTTGGCTAATGCCCTCTTCcccc	39014569	CAGGTCAGC	TATACAGGTCAGCCC	TTCTCTGCGGGGCTGGGGTAACCCTTCTTGTCTCTGTCTGCGGTCCGGTGAAGCAGGCGGGAGATATACAGGTCAGCCCCACATCTGGGACCTTCCGCATGTCTCTTGGCTAATGCCCTCTTCccccagcctctgcacgcc
SLC25A22	chr11	-	796043	CCTGCGGCCCCTCGCCTCCTCCC	CTGCGGCCCCTCGCCTCCTCCCCCGGCAGCTTCCCCTTCTG	AGAAAGTGCCCCCCCACCCAAGCCCGCCCCACCCCGCCCCACGGCCAATCCCTGCGGCCCCTCGCCTCCTCCCCCGGCAGCTTCCCCTTCTGTGTGAGTGCTGGGCTGGAGTGTGGAAGAGCCATCCAGAGTGAGTGCCTG	796263	CCGGTGGGT	GCGCTGCCGGTGGGT	GTGAAGGTTACGAGTCCCTGAGGATCTGTGGGTGTGAGCCAGCCGCGTGGCCCTGGGCAACGGCGCTGCCGGTGGGTGAAACAGCTGGCCTCTGGGGGGCCCAGGGAGGGGGGAAAGGCCCCCGAAGCTGGGATTTTATGG
SLC25A22	chr11	-	797612	GTTCCGGGCGCGCTCCCCGCACA	TTCCGGGCGCGCTCCCCGCACATACGTGTCCCCGAGGGTGG	GCTCCGATCCGCGGCTGCTCTGGCGTGAGACGCCGTGCTCGGCCCCGACGGTTCCGGGCGCGCTCCCCGCACATACGTGTCCCCGAGGGTGGGTGTCCGGGGCCCGAGCCCAAGGAAGAAAGGCCGACCCGTGTGGGACGC	797995	GGGGTAGGA	TTCTTGGGGGTAGGA	GGGACAGCGGGAGATTGAATGGGGAGCCGCCGGCCAGACTCGGAGCCTCACCCCCATTGCCTTTCTTGGGGGTAGGAGGAGCCTGGCGGCTTCTTGGGTGGAGGATTTTACCCCTGCAGATTCGGAAGCAGCGGTATCTTC
SLC25A22	chr11	-	798217	GGACGCGCCTCCCCGCCTAGGTG	GACGCGCCTCCCCGCCTAGGTGCTGGCCGAgcgcggggcgg	GGAGCCGAAGCCCGGAGGAGGCCGAGGGCGGAGCGCGCGCGGCGCCGAGCGGACGCGCCTCCCCGCCTAGGTGCTGGCCGAgcgcggggcgggcaggcgagcgcggcggcggcggcgAGCGTGGTGAGTGTCTGCCCGGCG	798269	GTGGTGAGT	gcgAGCGTGGTGAGT	ACGCGCCTCCCCGCCTAGGTGCTGGCCGAgcgcggggcgggcaggcgagcgcggcggcggcggcgAGCGTGGTGAGTGTCTGCCCGGCGGCTCCCTTCTGCTGCGCCCATCCGAACGCGGCCGGGCTGCGGGGGCGAGAGG
BRCA1	chr17	-	41201138	CATCTAAATGTCCATTTTAGATC	ATCTAAATGTCCATTTTAGATCAACTGGAATGGATGGTACA	TGTAGGGTAGAGGGCCTGGGTTAAGTATGCAGATTACTGCAGTGATTTTACATCTAAATGTCCATTTTAGATCAACTGGAATGGATGGTACAGCTGTGTGGTGCTTCTGTGGTGAAGGAGCTTTCATCATTCACCCTTGGC	41201211	ACAGTAAGT	CTTGGCACAGTAAGT	AACTGGAATGGATGGTACAGCTGTGTGGTGCTTCTGTGGTGAAGGAGCTTTCATCATTCACCCTTGGCACAGTAAGTATTGGGTGCCCTGTCAGAGAGGGAGGACACAATATTCTCTCCTGTGAGCAAGACTGGCACCTGT
BRCA1	chr17	-	41277294	CGTATTCTGAGAGGCTGCTGCTT	GTATTCTGAGAGGCTGCTGCTTAGCGGTAGCCCCTTGGTTT	AGACGCTTGGCTCTTTCTGTCCCTCCCATCCTCTGATTGTACCTTGATTTCGTATTCTGAGAGGCTGCTGCTTAGCGGTAGCCCCTTGGTTTCCGTGGCAACGGAAAAGCGCGGGAATTACAGATAAATTAAAACTGCGAC	41277468	TGGGTAAAG	CTGCTCTGGGTAAAG	GGGGGACAGGCTGTGGGGTTTCTCAGATAACTGGGCCCCTGCGCTCAGGAGGCCTTCACCCTCTGCTCTGGGTAAAGGTAGTAGAGTCCCGGGAAAGGGACAGGGGGCCCAAGTGATGCTCTGGGGTACTGGCGTGGGAGA
BRCA1	chr17	-	41246761	TTATTTTTGTATATTTTCAGCTG	TATTTTTGTATATTTTCAGCTGCTTGTGAATTTTCTGAGAC	TGTATGAAGTATGTATTTTTTTAATGACAATTCAGTTTTTGAGTACCTTGTTATTTTTGTATATTTTCAGCTGCTTGTGAATTTTCTGAGACGGATGTAACAAATACTGAACATCATCAACCCAGTAATAATGATTTGAAC	41246877	AGGGTAGTT	AGTATCAGGGTAGTT	TCAACCCAGTAATAATGATTTGAACACCACTGAGAAGCGTGCAGCTGAGAGGCATCCAGAAAAGTATCAGGGTAGTTCTGTTTCAAACTTGCATGTGGAGCCATGTGGCACAAATACTCATGCCAGCTCATTACAGCATGA
BRCA1	chr17	-	41277288	GTCCCTCCCATCCTCTGATTGTA	TCCCTCCCATCCTCTGATTGTACCTTGATTTCGTATTCTGA	GGCAGACTGGGTGGCCAATCCAGAGCCCCGAGAGACGCTTGGCTCTTTCTGTCCCTCCCATCCTCTGATTGTACCTTGATTTCGTATTCTGAGAGGCTGCTGCTTAGCGGTAGCCCCTTGGTTTCCGTGGCAACGGAAAAG	41277500	AAGGTAGTA	TGGGTAAAGGTAGTA	CAGGCTGTGGGGTTTCTCAGATAACTGGGCCCCTGCGCTCAGGAGGCCTTCACCCTCTGCTCTGGGTAAAGGTAGTAGAGTCCCGGGAAAGGGACAGGGGGCCCAAGTGATGCTCTGGGGTACTGGCGTGGGAGAGTGGAT
BRCA1	chr17	-	41243452	TTATTTTTGTATATTTTCAGCTG	TATTTTTGTATATTTTCAGCTGCTTGTGAATTTTCTGAGAC	TGTATGAAGTATGTATTTTTTTAATGACAATTCAGTTTTTGAGTACCTTGTTATTTTTGTATATTTTCAGCTGCTTGTGAATTTTCTGAGACGGATGTAACAAATACTGAACATCATCAACCCAGTAATAATGATTTGAAC	41246877	TAGGTATTG	CAAACTTAGGTATTG	AGATGATGAAGAAAGAGGAACGGGCTTGGAAGAAAATAATCAAGAAGAGCAAAGCATGGATTCAAACTTAGGTATTGGAACCAGGTTTTTGTGTTTGCCCCAGTCTATTTATAGAAGTGAGCTAAATGTTTATGCTTTTGG
BRCA1	chr17	-	41228505	TCTCATTCCATTTAAAGCAGTAT	CTCATTCCATTTAAAGCAGTATTAACTTCACAGAAAAGTAG	TCTAACCTGAATTATCACTATCAGAACAAAGCAGTAAAGTAGATTTGTTTTCTCATTCCATTTAAAGCAGTATTAACTTCACAGAAAAGTAGTGAATACCCTATAAGCCAGAATCCAGAAGGCCTTTCTGCTGACAAGTTT	41228628	AAGGTAAGA	AGTGGAAAGGTAAGA	CTTTCTGCTGACAAGTTTGAGGTGTCTGCAGATAGTTCTACCAGTAAAAATAAAGAACCAGGAGTGGAAAGGTAAGAAACATCAATGTAAAGATGCTGTGGTATCTGACATCTTTATTTATATTGAACTCTGATTGTTAAT
BRCA1	chr17	-	41267743	CTCCCCCCCTACCCTGCTAGTCT	TCCCCCCCTACCCTGCTAGTCTGGAGTTGATCAAGGAACCT	GAATAGCtttatttttaaataaattattGAGCCTCATTTATTTTCTTTTTCTCCCCCCCTACCCTGCTAGTCTGGAGTTGATCAAGGAACCTGTCTCCACAAAGTGTGACCACATATTTTGCAAGTAAGTTTGAATGTGTT	41267796	CAAGTAAGT	ATTTTGCAAGTAAGT	CCCCCCTACCCTGCTAGTCTGGAGTTGATCAAGGAACCTGTCTCCACAAAGTGTGACCACATATTTTGCAAGTAAGTTTGAATGTGTTATGTGGCTCCATTATTAGCTTTTGTTTTTGTCCTTCATAACCCAGGAAACACC
BRCA1	chr17	-	41228505	TTTTCTCATTCCATTTAAAGCAG	TTTCTCATTCCATTTAAAGCAGTATTAACTTCACAGAAAAG	TATTCTAACCTGAATTATCACTATCAGAACAAAGCAGTAAAGTAGATTTGTTTTCTCATTCCATTTAAAGCAGTATTAACTTCACAGAAAAGTAGTGAATACCCTATAAGCCAGAATCCAGAAGGCCTTTCTGCTGACAAG	41228631	AAGGTAAGA	AGTGGAAAGGTAAGA	CTTTCTGCTGACAAGTTTGAGGTGTCTGCAGATAGTTCTACCAGTAAAAATAAAGAACCAGGAGTGGAAAGGTAAGAAACATCAATGTAAAGATGCTGTGGTATCTGACATCTTTATTTATATTGAACTCTGATTGTTAAT
BRCA1	chr17	-	41231351	CAATTTCACCTTTCTTACAGATT	AATTTCACCTTTCTTACAGATTCGCATATACATGGCCAAAG	ACACTTGTGGGGCATTCCTTTTTGAACAGTACCCGTTCCCTTGATGTCTACAATTTCACCTTTCTTACAGATTCGCATATACATGGCCAAAGGAACAACTCCATGTTTTCTAAAAGGCCTAGAGAACATATATCAGGTGCC	41231416	CAGGTGCCT	ATATATCAGGTGCCT	TACAGATTCGCATATACATGGCCAAAGGAACAACTCCATGTTTTCTAAAAGGCCTAGAGAACATATATCAGGTGCCTCTCCTCTTTCCCTTTGTGTTCGTCATTTTGGCAAATTACTGAAAGATGGTGGTTCTGGCCAAAA
PDHA1	chrX	+	19369399	TTCTCCTTCCTCTAACACAGGAA	TTTCTCCTTCCTCTAACACAGGAAGCTTGCTGTGTGGGCCT	GGTCTAGGAAACGTTTTTATTTAGAAACATGTATCATATTGCCTCATAGTTTCTCCTTCCTCTAACACAGGAAGCTTGCTGTGTGGGCCTGGAGGCCGGCATCAACCCCACAGACCATCTCATCACAGCCTACCGGGCTCA	19369525	CAGGTTTGC	CTTACAGGTTTGCTG	AGCCTACCGGGCTCACGGCTTTACTTTCACCCGGGGCCTTTCCGTCCGAGAAATTCTCGCAGAGCTTACAGGTTTGCTGTTGATTTACAGAAAGGGGAAATGAGTGGATTAAGTTTTTAAATATCTGTCATTAAGATGCTA
PDHA1	chrX	+	19364628	aaaaattttttttttactagaga	aaaaaattttttttttactagagacatggtcttgctacgtt	tgagtagctgggaacacaggcatgtgccaccaccacacccagccaattaaaaaaattttttttttactagagacatggtcttgctacgttgcccagtctggtctccatctccaggctcaagcagtcctcccacctcggcct	19364741	CAGGTAGGG	CAGGCAGGTAGGGAG	ggctcaagcagtcctcccacctcggcctcccaaagtgctgggattacTCTCACTCTCTTAAAACCAGGCAGGTAGGGAGATTTATCTCAGGCTTAAAGATTGCCATTGTCTCATCAAAGAGTGTTTGGTGTGAAACTTTGA
PDHA1	chrX	+	19369378	TGTATCATATTGCCTCATAGTTT	ATGTATCATATTGCCTCATAGTTTCTCCTTCCTCTAACACA	CTAGCCCACATATTTCACTGTGGTCTAGGAAACGTTTTTATTTAGAAACATGTATCATATTGCCTCATAGTTTCTCCTTCCTCTAACACAGGAAGCTTGCTGTGTGGGCCTGGAGGCCGGCATCAACCCCACAGACCATCT	19369525	CAGGTTTGC	CTTACAGGTTTGCTG	AGCCTACCGGGCTCACGGCTTTACTTTCACCCGGGGCCTTTCCGTCCGAGAAATTCTCGCAGAGCTTACAGGTTTGCTGTTGATTTACAGAAAGGGGAAATGAGTGGATTAAGTTTTTAAATATCTGTCATTAAGATGCTA
PDHA1	chrX	+	19372609	TCGGTTGTCCTTAATGTTAGGTG	CTCGGTTGTCCTTAATGTTAGGTGCCCCTGGGCGCTGGGAT	TGCAGGGCATTAATTAGTATCTCCCCTCATGGATTTCTGTGGTTCCTTTCTCGGTTGTCCTTAATGTTAGGTGCCCCTGGGCGCTGGGATTGCTCTAGCCTGTAAGTATAATGGAAAAGATGAGGTCTGCCTGACTTTATA	19372701	CAGGTAATT	TAACCAGGTAATTAT	CTCTAGCCTGTAAGTATAATGGAAAAGATGAGGTCTGCCTGACTTTATATGGCGATGGTGCTGCTAACCAGGTAATTATGTCTCTTAACTTCCCAAAAACAGTCTTATTTTCAAAGTCTTTAATATTTACAGTTGAATTTC
TNNT1	chr19	-	55645434	CAGCCCTCCTGCCCTGCCAGGGA	AGCCCTCCTGCCCTGCCAGGGAGAAAGCCCAGGAGCTGTCG	tcctctccgtCCCTGGGCCTAGGGCCCGGTCTGCCTGGCTGCCTCCATCACAGCCCTCCTGCCCTGCCAGGGAGAAAGCCCAGGAGCTGTCGGACTGGATCCACCAGCTGGAGTCTGAGAAGTTCGACCTGATGGCGAAGC	55645524	GAGGTGAGA	AAATATGAGGTGAGA	CGGACTGGATCCACCAGCTGGAGTCTGAGAAGTTCGACCTGATGGCGAAGCTGAAACAGCAGAAATATGAGGTGAGACCCAGCTCCGCAGGGAGGGAGGGAGAGAGGGCAGGGCTGGGCTGGGAGGGACCAGCAAACTCCA
TNNT1	chr19	-	55657802	CTCCTCCCTCCCCTCCCCAGCCC	TCCTCCCTCCCCTCCCCAGCCCCCGAAGAGCCGGAGCCGGT	TCCCGCGCCCGGGCGTGGCCGCTCCCCCCTCGCTCCCCAAACCCTCGCTGCTCCTCCCTCCCCTCCCCAGCCCCCGAAGAGCCGGAGCCGGTGGCAGAGCCAGGTAACCGCGGCTGCTTCGCTTCCCGAGACCGATGTCGG	55657834	CAGGTAACC	CAGAGCCAGGTAACC	CTCCCCAAACCCTCGCTGCTCCTCCCTCCCCTCCCCAGCCCCCGAAGAGCCGGAGCCGGTGGCAGAGCCAGGTAACCGCGGCTGCTTCGCTTCCCGAGACCGATGTCGGGGGCCCGGGGGGACCCCCGATATCCTCGGGCC
TNNT1	chr19	-	55645434	ctctccgtCCCTGGGCCTAGGGC	tctccgtCCCTGGGCCTAGGGCCCGGTCTGCCTGGCTGCCT	ctcgctgtgtggctttgggtggttcccacaacctctctgggcccaagttcctctccgtCCCTGGGCCTAGGGCCCGGTCTGCCTGGCTGCCTCCATCACAGCCCTCCTGCCCTGCCAGGGAGAAAGCCCAGGAGCTGTCGG	55645572	GAGGTGAGA	AAATATGAGGTGAGA	CGGACTGGATCCACCAGCTGGAGTCTGAGAAGTTCGACCTGATGGCGAAGCTGAAACAGCAGAAATATGAGGTGAGACCCAGCTCCGCAGGGAGGGAGGGAGAGAGGGCAGGGCTGGGCTGGGAGGGACCAGCAAACTCCA
